"","baseMean","log2FoldChange","lfcSE","stat","pvalue","padj"
"Rattus_norvegicus_chr17.trna3878-ThrAGT:tRNA",563.986466950403,0.202366545073823,0.276488037455292,98.2044078606663,3.78047212732937e-21,1.37987232647522e-18
"Rattus_norvegicus_chr4.trna1750-CysGCA:tRNA",222.461138081124,0.595370528172968,0.268494401266295,92.2999174006584,7.02262346392776e-20,5.24308059378632e-18
"Rattus_norvegicus_chr1.trna14184-ThrAGT:tRNA",162.415766081051,0.643676499387533,0.340182443311383,92.2544690054261,7.18230218326893e-20,5.24308059378632e-18
"Rattus_norvegicus_chr10.trna10836-ThrAGT:tRNA",162.415766081051,0.643676499387533,0.340182443311383,92.2544690054261,7.18230218326893e-20,5.24308059378632e-18
"Rattus_norvegicus_chr10.trna2456-ThrAGT:tRNA",162.415766081051,0.643676499387533,0.340182443311383,92.2544690054261,7.18230218326893e-20,5.24308059378632e-18
"Rattus_norvegicus_chr17.trna1648-SerTGA:tRNA",31341.801693905,-0.122000447224956,0.166769715937371,61.2322737771771,3.20580734588632e-13,1.95019946874751e-11
"Rattus_norvegicus_chr17.trna820-LysCTT:tRNA",332.892683523434,0.179741230949025,0.286197544340014,59.5200751385177,7.44342343628309e-13,3.88121364891904e-11
"Rattus_norvegicus_chr5.trna491-SerAGA:tRNA",28743.9041972575,-0.134518101825172,0.207267635409721,56.4357070407053,3.39124784365452e-12,1.54725682866737e-10
"Rattus_norvegicus_chr17.trna1642-SerAGA:tRNA",30684.7425291014,-0.142406247272056,0.192698176055594,55.4837873467649,5.41374474126408e-12,2.19557425617932e-10
"Rattus_norvegicus_chr17.trna3843-ThrAGT:tRNA",130.161566058618,0.115243985584637,0.183660214207231,54.9657644980156,6.98261569413722e-12,2.54865472836008e-10
"Rattus_norvegicus_chr10.trna1308-ValAAC:tRNA",18855.9211236218,0.231444812636545,0.165659466396601,53.6595016153153,1.32626156567967e-11,3.45775336766485e-10
"Rattus_norvegicus_chr10.trna1314-ValAAC:tRNA",18855.9211236218,0.231444812636545,0.165659466396601,53.6595016153153,1.32626156567967e-11,3.45775336766485e-10
"Rattus_norvegicus_chr2.trna9183-ValAAC:tRNA",18855.9211236218,0.231444812636545,0.165659466396601,53.6595016153153,1.32626156567967e-11,3.45775336766485e-10
"Rattus_norvegicus_chr3.trna10806-ValAAC:tRNA",18855.9211236218,0.231444812636545,0.165659466396601,53.6595016153153,1.32626156567967e-11,3.45775336766485e-10
"Rattus_norvegicus_chr17.trna1586-SerAGA:tRNA",28375.5342564004,-0.134481531030577,0.218699555943685,53.3344516644977,1.55575156398177e-11,3.78566213902232e-10
"Rattus_norvegicus_chr17.trna3896-SerTGA:tRNA",28343.2698599585,-0.132223222619901,0.21957928962944,53.1484101031813,1.70453881207083e-11,3.88847916503659e-10
"Rattus_norvegicus_chr10.trna2455-SerAGA:tRNA",28196.56192013,-0.132649201509757,0.221074960596514,52.8774295602084,1.94705975873999e-11,4.18045183494174e-10
"Rattus_norvegicus_chr1.trna16829-LeuTAA:tRNA",18220.9658007672,-0.103340484517122,0.253408881973746,49.9200873436944,8.30846468729816e-11,1.68477200603546e-09
"Rattus_norvegicus_chr1.trna10113-ArgTCT:tRNA",8376.89014508922,-0.344230862105876,0.186460668461584,48.859353088133,1.39756102835163e-10,2.68478829130708e-09
"Rattus_norvegicus_chr14.trna2730-ArgTCT:tRNA",8329.4576615071,-0.347948577931333,0.19106868910476,48.2100763623791,1.92117702307346e-10,3.50614806710906e-09
"Rattus_norvegicus_chr17.trna1626-SerGCT:tRNA",894.494360796315,-0.29257181495649,0.242637532664052,48.0380778819006,2.09011742300007e-10,3.63282313997631e-09
"Rattus_norvegicus_chr10.trna10827-ArgTCT:tRNA",8325.6765065028,-0.348823863043908,0.193227975698512,47.5499069468535,2.65488150405486e-10,4.40468976809102e-09
"Rattus_norvegicus_chr17.trna1650-ArgTCT:tRNA",8384.95701656168,-0.350394448073644,0.195577974953086,46.9363664079669,3.58563518866466e-10,5.69024714722869e-09
"Rattus_norvegicus_chr17.trna3822-ThrCGT:tRNA",42.1066660512756,0.124661584472429,0.315254592881804,46.2359359845576,5.05277104716685e-10,7.68442263423292e-09
"Rattus_norvegicus_chr17.trna3858-IleAAT:tRNA",7742.02786213342,-0.131858012309589,0.185742016492874,45.7782143045026,6.32194221524257e-10,9.23003563425415e-09
"Rattus_norvegicus_chr10.trna10837-IleAAT:tRNA",8579.8692975503,-0.258956197379946,0.208646205484916,44.9855558338606,9.31833434939153e-10,1.0971587217832e-08
"Rattus_norvegicus_chr10.trna2454-IleAAT:tRNA",8579.8692975503,-0.258956197379946,0.208646205484916,44.9855558338606,9.31833434939153e-10,1.0971587217832e-08
"Rattus_norvegicus_chr17.trna1602-IleAAT:tRNA",8579.8692975503,-0.258956197379946,0.208646205484916,44.9855558338606,9.31833434939153e-10,1.0971587217832e-08
"Rattus_norvegicus_chr17.trna1652-IleAAT:tRNA",8579.8692975503,-0.258956197379946,0.208646205484916,44.9855558338606,9.31833434939153e-10,1.0971587217832e-08
"Rattus_norvegicus_chr2.trna5727-IleAAT:tRNA",8579.8692975503,-0.258956197379946,0.208646205484916,44.9855558338606,9.31833434939153e-10,1.0971587217832e-08
"Rattus_norvegicus_chr6.trna3889-IleAAT:tRNA",8579.8692975503,-0.258956197379946,0.208646205484916,44.9855558338606,9.31833434939153e-10,1.0971587217832e-08
"Rattus_norvegicus_chrUn.trna406-LysCTT:tRNA",21.1984177223506,0.619818538856652,0.338244031430831,44.4627524523879,1.20346033394886e-09,1.37269694341042e-08
"Rattus_norvegicus_chr1.trna10567-SerGCT:tRNA",221278.946889819,-0.193350310993715,0.2618086095989,44.0596353569135,1.46579641942386e-09,1.62125967602943e-08
"Rattus_norvegicus_chr10.trna10835-SerGCT:tRNA",218406.110371654,-0.193925996448722,0.269118274297786,43.0656435404599,2.38327671836387e-09,2.41095634628816e-08
"Rattus_norvegicus_chr17.trna3899-SerGCT:tRNA",218406.110371654,-0.193925996448722,0.269118274297786,43.0656435404599,2.38327671836387e-09,2.41095634628816e-08
"Rattus_norvegicus_chr3.trna8934-SerGCT:tRNA",218406.110371654,-0.193925996448722,0.269118274297786,43.0656435404599,2.38327671836387e-09,2.41095634628816e-08
"Rattus_norvegicus_chr17.trna1635-SerGCT:tRNA",218347.961720345,-0.194057517258258,0.26948590931845,43.0141945163939,2.44398314555238e-09,2.41095634628816e-08
"Rattus_norvegicus_chr16.trna1087-GluTTC:tRNA",21.3227348973855,1.44451325033749,0.500255578231671,41.433456102163,5.29152877484857e-09,5.08265263899929e-08
"Rattus_norvegicus_chr17.trna1627-ThrAGT:tRNA",11.7990325532241,-0.12889228692857,0.509280139235591,40.0999900082356,1.01475565810018e-08,9.49707218478372e-08
"Rattus_norvegicus_chr10.trna12028-LysCTT:tRNA",3847.5060768181,0.715161102410865,0.296584688465207,39.1827517500461,1.58762796946685e-08,1.23294512522426e-07
"Rattus_norvegicus_chr10.trna12844-LysCTT:tRNA",3847.5060768181,0.715161102410865,0.296584688465207,39.1827517500461,1.58762796946685e-08,1.23294512522426e-07
"Rattus_norvegicus_chr10.trna12848-LysCTT:tRNA",3847.5060768181,0.715161102410865,0.296584688465207,39.1827517500461,1.58762796946685e-08,1.23294512522426e-07
"Rattus_norvegicus_chr10.trna12849-LysCTT:tRNA",3847.5060768181,0.715161102410865,0.296584688465207,39.1827517500461,1.58762796946685e-08,1.23294512522426e-07
"Rattus_norvegicus_chr10.trna453-LysCTT:tRNA",3847.5060768181,0.715161102410865,0.296584688465207,39.1827517500461,1.58762796946685e-08,1.23294512522426e-07
"Rattus_norvegicus_chr2.trna4127-LysCTT:tRNA",3847.5060768181,0.715161102410865,0.296584688465207,39.1827517500461,1.58762796946685e-08,1.23294512522426e-07
"Rattus_norvegicus_chr2.trna7263-LysCTT:tRNA",3847.5060768181,0.715161102410865,0.296584688465207,39.1827517500461,1.58762796946685e-08,1.23294512522426e-07
"Rattus_norvegicus_chr7.trna3002-LysCTT:tRNA",3847.5060768181,0.715161102410865,0.296584688465207,39.1827517500461,1.58762796946685e-08,1.23294512522426e-07
"Rattus_norvegicus_chr10.trna11369-LeuCAA:tRNA",13613.1835508488,-0.10615995383538,0.270024265916195,38.435788172999,2.2854441804615e-08,1.73788984555926e-07
"Rattus_norvegicus_chr4.trna6999-SerGCT:tRNA",3761.40851791104,-0.193760310258347,0.272634703334918,38.3251953021175,2.41207137550152e-08,1.79674704501644e-07
"Rattus_norvegicus_chr17.trna1681-LeuCAA:tRNA",13598.3440209068,-0.105139102443145,0.27210925157638,38.1718459614798,2.59932891739965e-08,1.89751010970175e-07
"Rattus_norvegicus_chr17.trna3814-LeuCAA:tRNA",10299.993415312,-0.0571499128688631,0.25581087873587,37.5560057525753,3.50938169454059e-08,2.51161631079866e-07
"Rattus_norvegicus_chr11.trna2441-SerTGA:tRNA",6869.60454833147,0.0807807653136079,0.248586566865386,36.2760134206255,6.54674936801243e-08,4.51588096549044e-07
"Rattus_norvegicus_chr10.trna687-GlyCCC:tRNA",37215.0353412297,0.322720831220181,0.183621987359497,36.2343151717349,6.6810293736023e-08,4.51588096549044e-07
"Rattus_norvegicus_chr4.trna2763-GlyCCC:tRNA",37215.0353412297,0.322720831220181,0.183621987359497,36.2343151717349,6.6810293736023e-08,4.51588096549044e-07
"Rattus_norvegicus_chr7.trna9814-SerCGA:tRNA",6602.91536230405,0.0915972428067655,0.246135977168754,35.9115852726783,7.81772212975578e-08,5.18812468611065e-07
"Rattus_norvegicus_chr17.trna1619-IleAAT:tRNA",49.8261272859792,-0.228305121429175,0.264522018117668,35.3449994963524,1.03000352741731e-07,6.71341584834495e-07
"Rattus_norvegicus_chr20.trna3731-SerTGA:tRNA",19062.6432005562,0.0217628714526923,0.254530117239992,35.0384232512961,1.19568973028037e-07,7.53072329103982e-07
"Rattus_norvegicus_chr17.trna3871-IleAAT:tRNA",3925.38713977944,-0.271535079228349,0.241572712390958,35.036750938683,1.19666287912414e-07,7.53072329103982e-07
"Rattus_norvegicus_chr17.trna1629-SerCGA:tRNA",2053.46436675544,-0.0151160138170357,0.224222662217058,34.5963089213828,1.48255637206941e-07,9.02756080476941e-07
"Rattus_norvegicus_chr15.trna875-ThrTGT:tRNA",3952.00845782729,0.172266076150166,0.265631084318506,34.5943317335008,1.48398259804429e-07,9.02756080476941e-07
"Rattus_norvegicus_chr10.trna4326-ArgCCT:tRNA",242.598812777527,-0.215809968643244,0.197177274497467,33.3640647192869,2.69861783470843e-07,1.59194903338123e-06
"Rattus_norvegicus_chr10.trna12841-ArgCCG:tRNA",466.3535157794,-0.0819263315341511,0.168888354495959,33.3598627793854,2.70413260464756e-07,1.59194903338123e-06
"Rattus_norvegicus_chr13.trna3806-GluCTC:tRNA",229.802269570448,0.261246189553831,0.205685312380185,33.1279627144036,3.02658935690215e-07,1.73469436235847e-06
"Rattus_norvegicus_chr19.trna3946-HisGTG:tRNA",968.275943287146,-0.0821284650898399,0.164332182233375,32.7911728288157,3.56444047059961e-07,1.73469436235847e-06
"Rattus_norvegicus_chr2.trna4122-HisGTG:tRNA",968.275943287146,-0.0821284650898399,0.164332182233375,32.7911728288157,3.56444047059961e-07,1.73469436235847e-06
"Rattus_norvegicus_chr2.trna4128-HisGTG:tRNA",968.275943287146,-0.0821284650898399,0.164332182233375,32.7911728288157,3.56444047059961e-07,1.73469436235847e-06
"Rattus_norvegicus_chr2.trna7262-HisGTG:tRNA",968.275943287146,-0.0821284650898399,0.164332182233375,32.7911728288157,3.56444047059961e-07,1.73469436235847e-06
"Rattus_norvegicus_chr2.trna7268-HisGTG:tRNA",968.275943287146,-0.0821284650898399,0.164332182233375,32.7911728288157,3.56444047059961e-07,1.73469436235847e-06
"Rattus_norvegicus_chr3.trna3342-HisGTG:tRNA",968.275943287146,-0.0821284650898399,0.164332182233375,32.7911728288157,3.56444047059961e-07,1.73469436235847e-06
"Rattus_norvegicus_chr3.trna3352-HisGTG:tRNA",968.275943287146,-0.0821284650898399,0.164332182233375,32.7911728288157,3.56444047059961e-07,1.73469436235847e-06
"Rattus_norvegicus_chr3.trna3353-HisGTG:tRNA",968.275943287146,-0.0821284650898399,0.164332182233375,32.7911728288157,3.56444047059961e-07,1.73469436235847e-06
"Rattus_norvegicus_chr3.trna8573-HisGTG:tRNA",968.275943287146,-0.0821284650898399,0.164332182233375,32.7911728288157,3.56444047059961e-07,1.73469436235847e-06
"Rattus_norvegicus_chr3.trna8579-HisGTG:tRNA",968.275943287146,-0.0821284650898399,0.164332182233375,32.7911728288157,3.56444047059961e-07,1.73469436235847e-06
"Rattus_norvegicus_chr3.trna8580-HisGTG:tRNA",968.275943287146,-0.0821284650898399,0.164332182233375,32.7911728288157,3.56444047059961e-07,1.73469436235847e-06
"Rattus_norvegicus_chr5.trna10653-HisGTG:tRNA",968.275943287146,-0.0821284650898399,0.164332182233375,32.7911728288157,3.56444047059961e-07,1.73469436235847e-06
"Rattus_norvegicus_chr10.trna4742-CysGCA:tRNA",359.103791920834,0.0691838082437116,0.225338401478011,32.6253049238418,3.86340103604756e-07,1.78498908627514e-06
"Rattus_norvegicus_chr10.trna8526-CysGCA:tRNA",359.103791920834,0.0691838082437116,0.225338401478011,32.6253049238418,3.86340103604756e-07,1.78498908627514e-06
"Rattus_norvegicus_chr10.trna8527-CysGCA:tRNA",359.103791920834,0.0691838082437116,0.225338401478011,32.6253049238418,3.86340103604756e-07,1.78498908627514e-06
"Rattus_norvegicus_chr4.trna1731-CysGCA:tRNA",359.103791920834,0.0691838082437116,0.225338401478011,32.6253049238418,3.86340103604756e-07,1.78498908627514e-06
"Rattus_norvegicus_chr17.trna1654-IleAAT:tRNA",5100.38257386563,-0.200569824383213,0.25331163681891,31.2429853770328,7.55571571423712e-07,3.44729529462068e-06
"Rattus_norvegicus_chr17.trna3849-SerAGA:tRNA",1405.27185864765,-0.0567747330468958,0.284933375847743,31.0445362619422,8.31890022590691e-07,3.74864022525435e-06
"Rattus_norvegicus_chr1.trna3877-ArgTCG:tRNA",4834.98570866869,-0.0627404451225506,0.14961868876865,30.8021681876103,9.35608562739485e-07,4.16459909024283e-06
"Rattus_norvegicus_chr17.trna1661-SerGCT:tRNA",222.370421165862,-0.207982061165446,0.294211011799086,30.6565186811475,1.00404591489063e-06,4.41538263777204e-06
"Rattus_norvegicus_chr17.trna3846-LysTTT:tRNA",738.345307712759,-0.111330281063071,0.18622464181303,29.6415155198105,1.64168615139363e-06,6.97734412789866e-06
"Rattus_norvegicus_chr13.trna2186-GlyTCC:tRNA",7652.62383391741,-0.0430547618814258,0.135111523096596,29.6386354563632,1.64397697260078e-06,6.97734412789866e-06
"Rattus_norvegicus_chr13.trna3805-GlyTCC:tRNA",7652.62383391741,-0.0430547618814258,0.135111523096596,29.6386354563632,1.64397697260078e-06,6.97734412789866e-06
"Rattus_norvegicus_chr10.trna2465-ThrAGT:tRNA",12.0643616915167,0.16770190374132,0.335267030158662,28.5157471304332,2.83051829902656e-06,1.18751629786746e-05
"Rattus_norvegicus_chr6.trna6097-LysCTT:tRNA",5368.02711162426,0.62366145216956,0.310590708127493,26.8941460930409,6.19598481074843e-06,2.54104995047548e-05
"Rattus_norvegicus_chr8.trna6301-LysCTT:tRNA",5368.02711162426,0.62366145216956,0.310590708127493,26.8941460930409,6.19598481074843e-06,2.54104995047548e-05
"Rattus_norvegicus_chr3.trna1329-AlaCGC:tRNA",600.042543113528,-0.234903615068743,0.251691646406149,26.264614821776,8.39493201425915e-06,3.40461131689399e-05
"Rattus_norvegicus_chr7.trna4533-LysTTT:tRNA",569.69300423438,-0.166139749889965,0.190917829564686,25.3296938577092,1.3173804923392e-05,5.28399867806384e-05
"Rattus_norvegicus_chr17.trna1606-TyrGTA:tRNA",52.4812372117821,0.542659216020269,0.276428154984751,23.7682062058698,2.79238672361404e-05,0.000110784908056427
"Rattus_norvegicus_chr17.trna1604-TyrGTA:tRNA",52.4159053995541,0.542664655526944,0.276332048614796,23.6896707706194,2.89977746820893e-05,0.00011256959847996
"Rattus_norvegicus_chr1.trna16347-GluCTC:tRNA",6433.57616146265,1.14211006020103,0.331765014553652,23.5406868827928,3.11493957437698e-05,0.00011256959847996
"Rattus_norvegicus_chr10.trna11370-GluCTC:tRNA",6433.57616146265,1.14211006020103,0.331765014553652,23.5406868827928,3.11493957437698e-05,0.00011256959847996
"Rattus_norvegicus_chr13.trna2187-GluCTC:tRNA",6433.57616146265,1.14211006020103,0.331765014553652,23.5406868827928,3.11493957437698e-05,0.00011256959847996
"Rattus_norvegicus_chr13.trna3809-GluCTC:tRNA",6433.57616146265,1.14211006020103,0.331765014553652,23.5406868827928,3.11493957437698e-05,0.00011256959847996
"Rattus_norvegicus_chr13_random.trna22-GluCTC:tRNA",6433.57616146265,1.14211006020103,0.331765014553652,23.5406868827928,3.11493957437698e-05,0.00011256959847996
"Rattus_norvegicus_chr13_random.trna25-GluCTC:tRNA",6433.57616146265,1.14211006020103,0.331765014553652,23.5406868827928,3.11493957437698e-05,0.00011256959847996
"Rattus_norvegicus_chr17.trna1684-GluCTC:tRNA",6433.57616146265,1.14211006020103,0.331765014553652,23.5406868827928,3.11493957437698e-05,0.00011256959847996
"Rattus_norvegicus_chr2.trna7260-GluCTC:tRNA",6433.57616146265,1.14211006020103,0.331765014553652,23.5406868827928,3.11493957437698e-05,0.00011256959847996
"Rattus_norvegicus_chr11.trna1954-MetCAT:tRNA",54414.3981674345,0.296751073784777,0.220806741757174,23.0574828566605,3.92840904371555e-05,0.000132765676014461
"Rattus_norvegicus_chr17.trna1583-MetCAT:tRNA",54414.3981674345,0.296751073784777,0.220806741757174,23.0574828566605,3.92840904371555e-05,0.000132765676014461
"Rattus_norvegicus_chr17.trna1647-MetCAT:tRNA",54414.3981674345,0.296751073784777,0.220806741757174,23.0574828566605,3.92840904371555e-05,0.000132765676014461
"Rattus_norvegicus_chr17.trna3836-MetCAT:tRNA",54414.3981674345,0.296751073784777,0.220806741757174,23.0574828566605,3.92840904371555e-05,0.000132765676014461
"Rattus_norvegicus_chr17.trna3845-MetCAT:tRNA",54414.3981674345,0.296751073784777,0.220806741757174,23.0574828566605,3.92840904371555e-05,0.000132765676014461
"Rattus_norvegicus_chr17.trna3856-MetCAT:tRNA",54414.3981674345,0.296751073784777,0.220806741757174,23.0574828566605,3.92840904371555e-05,0.000132765676014461
"Rattus_norvegicus_chr2.trna7573-MetCAT:tRNA",54414.3981674345,0.296751073784777,0.220806741757174,23.0574828566605,3.92840904371555e-05,0.000132765676014461
"Rattus_norvegicus_chr17.trna1631-ValAAC:tRNA",8642.66327224565,0.0468336115619011,0.122069991729443,22.6212356456327,4.84307909201025e-05,0.000160340455133727
"Rattus_norvegicus_chr17.trna1675-AlaAGC:tRNA",59.6854810600113,-0.400407621874496,0.248342681504282,22.6070653043972,4.876106991738e-05,0.000160340455133727
"Rattus_norvegicus_chr17.trna3819-AlaAGC:tRNA",59.6854810600113,-0.400407621874496,0.248342681504282,22.6070653043972,4.876106991738e-05,0.000160340455133727
"Rattus_norvegicus_chr6.trna7599-TyrGTA:tRNA",317.031801992431,0.418242645428734,0.293483265734333,22.4950537072972,5.14520333207712e-05,0.000167678501447156
"Rattus_norvegicus_chr15.trna876-TyrGTA:tRNA",320.190925006012,0.399036916326645,0.290369466127493,22.4365698257701,5.29153298303304e-05,0.000170921198124519
"Rattus_norvegicus_chr1.trna6224-AsnGTT:tRNA",2751.94929083043,-0.155899563460701,0.278445823093194,22.3791161830899,5.43932124702678e-05,0.000174153706593401
"Rattus_norvegicus_chr2.trna2056-TyrGTA:tRNA",320.869996744768,0.398990379278989,0.290556003306954,22.2876490336008,5.68313288459004e-05,0.000180377695902206
"Rattus_norvegicus_chr17.trna3826-ThrCGT:tRNA",15.1718885164859,-0.157680605019123,0.398457194036767,21.363499664089,8.84735889651083e-05,0.000278386723898832
"Rattus_norvegicus_chr2.trna4111-AsnGTT:tRNA",4333.75366863871,-0.229009074546708,0.227910355099537,21.0635996689114,0.000102122467441887,0.000315887293358379
"Rattus_norvegicus_chr2.trna4120-AsnGTT:tRNA",4333.75366863871,-0.229009074546708,0.227910355099537,21.0635996689114,0.000102122467441887,0.000315887293358379
"Rattus_norvegicus_chr17.trna1610-ValCAC:tRNA",2072.69496433153,0.277685239115499,0.255822518083296,20.7963153104542,0.000116043671244265,0.000355932268942494
"Rattus_norvegicus_chr15.trna956-SerAGA:tRNA",156.754502113041,-0.0763220629915925,0.276696145595064,20.3137840868628,0.000146130079193488,0.000444478990880191
"Rattus_norvegicus_chr4.trna7749-GluCTC:tRNA",376.124472096184,0.650058020088576,0.391312362153278,20.1195131844726,0.000160331648903765,0.00048364505661053
"Rattus_norvegicus_chr10.trna10834-TrpCCA:tRNA",806.235318717438,0.428969499267625,0.283933113252576,19.5571639501815,0.000209661557336688,0.000622166409982856
"Rattus_norvegicus_chr10.trna2459-TrpCCA:tRNA",806.235318717438,0.428969499267625,0.283933113252576,19.5571639501815,0.000209661557336688,0.000622166409982856
"Rattus_norvegicus_chr17.trna1673-GlnTTG:tRNA",1722.19083710185,-0.0485327918857108,0.288820881330195,19.5340679077368,0.000211982678991816,0.000623981272838813
"Rattus_norvegicus_chr10.trna10826-GlnCTG:tRNA",3251.90634029351,-0.101691648814733,0.240879023326994,18.6856985864135,0.000317510717781195,0.000912530803071939
"Rattus_norvegicus_chr17.trna3809-GlnCTG:tRNA",3251.90634029351,-0.101691648814733,0.240879023326994,18.6856985864135,0.000317510717781195,0.000912530803071939
"Rattus_norvegicus_chr8.trna2102-GlnCTG:tRNA",3251.90634029351,-0.101691648814733,0.240879023326994,18.6856985864135,0.000317510717781195,0.000912530803071939
"Rattus_norvegicus_chr4.trna7721-CysGCA:tRNA",120.885617936204,-0.834933981028719,0.554180340840818,18.3499844386421,0.000372468589583372,0.0010620036704079
"Rattus_norvegicus_chrX.trna4146-AlaTGC:tRNA",44235.1492757072,-0.373228893299203,0.309788849251326,18.3338372280906,0.000375338283514023,0.0010620036704079
"Rattus_norvegicus_chr2.trna5177-LysTTT:tRNA",751.453610248125,-0.17019691182621,0.138787769427669,18.1318027929673,0.000413158120991469,0.00116002087816835
"Rattus_norvegicus_chr17.trna3821-AlaAGC:tRNA",301.566867569322,-0.302890814667601,0.280019287319614,17.5227901149157,0.000551646781905336,0.00153703110988891
"Rattus_norvegicus_chr17.trna1634-GlnCTG:tRNA",3105.49095858632,-0.0983346543254946,0.24912691527092,17.3651263157698,0.000594467738134089,0.00163143401818754
"Rattus_norvegicus_chr2.trna7283-GlnCTG:tRNA",3105.49095858632,-0.0983346543254946,0.24912691527092,17.3651263157698,0.000594467738134089,0.00163143401818754
"Rattus_norvegicus_chr2.trna6477-ArgTCT:tRNA",44277.7280264162,-0.151438606020958,0.185366674612271,16.9761466219886,0.00071477064502146,0.0019469498912898
"Rattus_norvegicus_chr4.trna3883-AlaAGC:tRNA",2.9864600322058,2.77523325167874,1.08795300828289,16.7467500605722,0.000796756019790261,0.00215419220165515
"Rattus_norvegicus_chr2.trna4115-AsnGTT:tRNA",7215.48469184709,-0.282078445131289,0.242923573305422,16.2731231621048,0.000996751284866576,0.00267510455129633
"Rattus_norvegicus_chr12.trna4747-AlaTGC:tRNA",448.106808451986,-0.194369643540494,0.226738725575344,15.9310687820442,0.00117148717862486,0.00311776967125979
"Rattus_norvegicus_chr2.trna7280-GlyCCC:tRNA",136.566925680809,0.135491907742622,0.271307666081179,15.9179314400901,0.00117877319077767,0.00311776967125979
"Rattus_norvegicus_chr4.trna1744-CysGCA:tRNA",765.9529352192,-0.321371385734239,0.274814730882881,15.6992668889864,0.00130686740346444,0.00343170217456491
"Rattus_norvegicus_chr10.trna9278-AsnGTT:tRNA",7501.68480725707,-0.308918937175707,0.255218483802719,15.4818940765975,0.00144788728220126,0.003774848985739
"Rattus_norvegicus_chr2.trna2055-TyrGTA:tRNA",33.1134200770816,0.550151871399611,0.371248437952942,15.3284872116411,0.00155640132497771,0.00402898215331109
"Rattus_norvegicus_chr1.trna6855-PheGAA:tRNA",455.497030664521,-0.0573127881084192,0.14124934772501,14.5270715775482,0.00226882687376661,0.00567206718441652
"Rattus_norvegicus_chr12.trna2133-PheGAA:tRNA",455.497030664521,-0.0573127881084192,0.14124934772501,14.5270715775482,0.00226882687376661,0.00567206718441652
"Rattus_norvegicus_chr15.trna3184-PheGAA:tRNA",455.497030664521,-0.0573127881084192,0.14124934772501,14.5270715775482,0.00226882687376661,0.00567206718441652
"Rattus_norvegicus_chr17.trna3805-PheGAA:tRNA",455.497030664521,-0.0573127881084192,0.14124934772501,14.5270715775482,0.00226882687376661,0.00567206718441652
"Rattus_norvegicus_chr7.trna443-PheGAA:tRNA",455.497030664521,-0.0573127881084192,0.14124934772501,14.5270715775482,0.00226882687376661,0.00567206718441652
"Rattus_norvegicus_chr17.trna1601-AlaCGC:tRNA",378.569193969103,-0.246888127107378,0.251677635868844,14.2474373449984,0.00258698247309568,0.00642345988217635
"Rattus_norvegicus_chr10.trna8827-GlnTTG:tRNA",4581.79667803797,0.0258215019275412,0.217223521840315,14.1162904773225,0.00275105976213625,0.00678470819716036
"Rattus_norvegicus_chr15.trna5097-LeuTAG:tRNA",2266.49742682546,-0.102369095042467,0.162901344104011,13.6001262689224,0.00350320950830342,0.00825433606454757
"Rattus_norvegicus_chr15.trna874-LeuTAG:tRNA",2266.49742682546,-0.102369095042467,0.162901344104011,13.6001262689224,0.00350320950830342,0.00825433606454757
"Rattus_norvegicus_chr10.trna10838-GlyTCC:tRNA",49210.7229039669,0.0827890855730434,0.197132151093823,13.5851215829161,0.00352788061936828,0.00825433606454757
"Rattus_norvegicus_chr13.trna3808-GlyTCC:tRNA",49210.7229039669,0.0827890855730434,0.197132151093823,13.5851215829161,0.00352788061936828,0.00825433606454757
"Rattus_norvegicus_chr13.trna3822-GlyTCC:tRNA",49210.7229039669,0.0827890855730434,0.197132151093823,13.5851215829161,0.00352788061936828,0.00825433606454757
"Rattus_norvegicus_chr13_random.trna21-GlyTCC:tRNA",49210.7229039669,0.0827890855730434,0.197132151093823,13.5851215829161,0.00352788061936828,0.00825433606454757
"Rattus_norvegicus_chr13_random.trna24-GlyTCC:tRNA",49210.7229039669,0.0827890855730434,0.197132151093823,13.5851215829161,0.00352788061936828,0.00825433606454757
"Rattus_norvegicus_chr2.trna7261-GlyTCC:tRNA",49210.7229039669,0.0827890855730434,0.197132151093823,13.5851215829161,0.00352788061936828,0.00825433606454757
"Rattus_norvegicus_chr13.trna2173-LeuCAG:tRNA",830.346879659895,0.466735590199055,0.268121763295373,13.2777485630668,0.0040728841064843,0.00946880699915141
"Rattus_norvegicus_chr1.trna6857-PheGAA:tRNA",200.324504685952,0.175255208686752,0.215248485758551,13.1539484936396,0.00431523904808025,0.00996874843385626
"Rattus_norvegicus_chr17.trna3867-ValCAC:tRNA",5.53614602105335,0.362814897333439,0.645534630702229,12.8907886350017,0.00487883334791848,0.0111998375596871
"Rattus_norvegicus_chr2.trna7274-GlyCCC:tRNA",377.242094916201,0.473923175794203,0.143668025150339,12.3793290961181,0.00619051964477741,0.0141221229396485
"Rattus_norvegicus_chr17.trna3876-TyrGTA:tRNA",11.3806687780892,0.68264859064129,0.456957974329376,12.0935389931741,0.00706950852360034,0.0160271466528828
"Rattus_norvegicus_chr17.trna3818-AlaTGC:tRNA",82.7374780920473,-0.281039769168976,0.168633360899634,12.0503640413849,0.00721261084582356,0.0162506355476889
"Rattus_norvegicus_chr2.trna2689-LysCTT:tRNA",9.59047258887347,0.0471177194577685,0.377790098564853,11.9319300001511,0.00762001449580786,0.0170632226439869
"Rattus_norvegicus_chr13_random.trna29-LeuCAG:tRNA",466.788890216774,-0.0280083614244957,0.220843780937475,11.7229820853071,0.0083949347586111,0.0185797303795914
"Rattus_norvegicus_chr17.trna1605-TyrGTA:tRNA",11.5336253496928,0.643684172239141,0.447724800175081,11.7219225196106,0.00839905619899337,0.0185797303795914
"Rattus_norvegicus_chr10.trna7459-AlaAGC:tRNA",49.9235904278044,0.173887875047506,0.299968339284025,11.3065809834131,0.0101784990435055,0.0223804346438524
"Rattus_norvegicus_chr1.trna1937-SeC(e)TCA:tRNA",168698.889680282,-0.0874001416048439,0.204652453544277,11.1738416073858,0.0108220472710758,0.0230101960136149
"Rattus_norvegicus_chr17.trna1584-ArgTCG:tRNA",424.293000756201,-0.163120488620869,0.301411779757124,11.1393519727566,0.0109957252234576,0.0230101960136149
"Rattus_norvegicus_chr10.trna8581-AsnGTT:tRNA",13204.6578010923,-0.233636192866226,0.205224049697052,11.1321601139791,0.0110322857599523,0.0230101960136149
"Rattus_norvegicus_chr12.trna353-AsnGTT:tRNA",13204.6578010923,-0.233636192866226,0.205224049697052,11.1321601139791,0.0110322857599523,0.0230101960136149
"Rattus_norvegicus_chr13.trna3824-AsnGTT:tRNA",13204.6578010923,-0.233636192866226,0.205224049697052,11.1321601139791,0.0110322857599523,0.0230101960136149
"Rattus_norvegicus_chr17.trna2846-AsnGTT:tRNA",13204.6578010923,-0.233636192866226,0.205224049697052,11.1321601139791,0.0110322857599523,0.0230101960136149
"Rattus_norvegicus_chr2.trna4134-AsnGTT:tRNA",13204.6578010923,-0.233636192866226,0.205224049697052,11.1321601139791,0.0110322857599523,0.0230101960136149
"Rattus_norvegicus_chr2.trna7267-AsnGTT:tRNA",13204.6578010923,-0.233636192866226,0.205224049697052,11.1321601139791,0.0110322857599523,0.0230101960136149
"Rattus_norvegicus_chr7.trna9441-AsnGTT:tRNA",13204.6578010923,-0.233636192866226,0.205224049697052,11.1321601139791,0.0110322857599523,0.0230101960136149
"Rattus_norvegicus_chr17.trna1646-GlnCTG:tRNA",1817.06211442085,-0.20887277205516,0.311383069813691,11.0950981150636,0.0112226029429166,0.023147878358307
"Rattus_norvegicus_chr17.trna3877-AlaAGC:tRNA",1319.97887330368,0.301212888304931,0.301109266429788,11.0946091128337,0.0112251355326584,0.023147878358307
"Rattus_norvegicus_chr5.trna7515-AlaGGC:tRNA",6.74075637250699,-0.626862724066805,0.494344604033646,10.96439105323,0.011919993201986,0.0244426826894657
"Rattus_norvegicus_chr17.trna1585-ArgTCG:tRNA",425.929943280616,-0.164039552841278,0.300597449936162,10.9398311642527,0.0120557203999806,0.0244463219221828
"Rattus_norvegicus_chr17.trna3825-ArgTCG:tRNA",425.929943280616,-0.164039552841278,0.300597449936162,10.9398311642527,0.0120557203999806,0.0244463219221828
"Rattus_norvegicus_chr2.trna4133-GlnCTG:tRNA",1839.3523159553,-0.182555518368489,0.306754944061686,10.9227626442355,0.0121509434043648,0.0245032836607357
"Rattus_norvegicus_chr11.trna746-AsnGTT:tRNA",11.0876944253495,0.24038681745226,0.389195351011147,10.9050908499378,0.0122503129471733,0.0245679353061444
"Rattus_norvegicus_chr17.trna3815-AlaAGC:tRNA",133.272724493743,-0.186457428830162,0.138955947113368,10.8236007491671,0.0127189949230045,0.025230614928786
"Rattus_norvegicus_chr17.trna3817-AlaAGC:tRNA",133.272724493743,-0.186457428830162,0.138955947113368,10.8236007491671,0.0127189949230045,0.025230614928786
"Rattus_norvegicus_chr10.trna8571-CysGCA:tRNA",24.7640447591634,0.232429009816182,0.24646702683102,10.795615810292,0.0128839879726754,0.0254197600541974
"Rattus_norvegicus_chr1.trna6234-AlaAGC:tRNA",1304.51285345862,0.303015645725887,0.30535635933896,10.753510333396,0.0131362130763753,0.0257780525423494
"Rattus_norvegicus_chr1.trna10114-LeuTAA:tRNA",1273.48899135328,0.129018558858985,0.250154115484622,10.6742646896058,0.0136241804107706,0.0265926516039104
"Rattus_norvegicus_chr10.trna2458-AspGTC:tRNA",7274.85026269621,-0.0284502958359775,0.179477167269718,10.3067209866686,0.0161310073436704,0.0294390884021986
"Rattus_norvegicus_chr12.trna2132-AspGTC:tRNA",7274.85026269621,-0.0284502958359775,0.179477167269718,10.3067209866686,0.0161310073436704,0.0294390884021986
"Rattus_norvegicus_chr12.trna2134-AspGTC:tRNA",7274.85026269621,-0.0284502958359775,0.179477167269718,10.3067209866686,0.0161310073436704,0.0294390884021986
"Rattus_norvegicus_chr13.trna2185-AspGTC:tRNA",7274.85026269621,-0.0284502958359775,0.179477167269718,10.3067209866686,0.0161310073436704,0.0294390884021986
"Rattus_norvegicus_chr13.trna3804-AspGTC:tRNA",7274.85026269621,-0.0284502958359775,0.179477167269718,10.3067209866686,0.0161310073436704,0.0294390884021986
"Rattus_norvegicus_chr13.trna3807-AspGTC:tRNA",7274.85026269621,-0.0284502958359775,0.179477167269718,10.3067209866686,0.0161310073436704,0.0294390884021986
"Rattus_norvegicus_chr13.trna3813-AspGTC:tRNA",7274.85026269621,-0.0284502958359775,0.179477167269718,10.3067209866686,0.0161310073436704,0.0294390884021986
"Rattus_norvegicus_chr13.trna3816-AspGTC:tRNA",7274.85026269621,-0.0284502958359775,0.179477167269718,10.3067209866686,0.0161310073436704,0.0294390884021986
"Rattus_norvegicus_chr13.trna3823-AspGTC:tRNA",7274.85026269621,-0.0284502958359775,0.179477167269718,10.3067209866686,0.0161310073436704,0.0294390884021986
"Rattus_norvegicus_chr13_random.trna20-AspGTC:tRNA",7274.85026269621,-0.0284502958359775,0.179477167269718,10.3067209866686,0.0161310073436704,0.0294390884021986
"Rattus_norvegicus_chr13_random.trna23-AspGTC:tRNA",7274.85026269621,-0.0284502958359775,0.179477167269718,10.3067209866686,0.0161310073436704,0.0294390884021986
"Rattus_norvegicus_chr13_random.trna3-AspGTC:tRNA",7274.85026269621,-0.0284502958359775,0.179477167269718,10.3067209866686,0.0161310073436704,0.0294390884021986
"Rattus_norvegicus_chr7.trna8741-AspGTC:tRNA",7274.85026269621,-0.0284502958359775,0.179477167269718,10.3067209866686,0.0161310073436704,0.0294390884021986
"Rattus_norvegicus_chr6.trna7701-CysGCA:tRNA",136.890603354452,-0.279987211165396,0.263288375437221,9.98313525910061,0.0187100372635869,0.0338077406000457
"Rattus_norvegicus_chr8.trna3547-CysGCA:tRNA",136.890603354452,-0.279987211165396,0.263288375437221,9.98313525910061,0.0187100372635869,0.0338077406000457
"Rattus_norvegicus_chr15.trna2138-GluTTC:tRNA",35080.3069084268,0.0996075281308959,0.231594395078266,9.78843647705708,0.0204528182174131,0.0365945031831166
"Rattus_norvegicus_chr9.trna5628-GluTTC:tRNA",35080.3069084268,0.0996075281308959,0.231594395078266,9.78843647705708,0.0204528182174131,0.0365945031831166
"Rattus_norvegicus_chr6.trna177-AsnGTT:tRNA",11067.7173225458,-0.273047873111621,0.217833749971375,9.51459442514829,0.0231766060377742,0.04126566440872
"Rattus_norvegicus_chr7.trna8813-AspGTC:tRNA",15677.1241760961,-0.000193406294019405,0.192378433934115,9.40325131854752,0.0243831935774759,0.0432032313387315
"Rattus_norvegicus_chr13.trna5237-GlyTCC:tRNA",3720.36527072011,-0.133255417781123,0.14522980085117,9.12469954206404,0.0276780696984902,0.0488043257968548
"Rattus_norvegicus_chr13.trna3641-LeuCAG:tRNA",935.46275287359,0.201174295802067,0.165477359965949,9.04503135079921,0.028698122964616,0.0503106013730578
"Rattus_norvegicus_chr15.trna4050-GluTTC:tRNA",30044.8803913248,0.111378305496457,0.232554342986955,9.03661670384781,0.028807988183477,0.0503106013730578
"Rattus_norvegicus_chr1.trna5254-LeuAAG:tRNA",61367.0054648057,0.0291365426044706,0.307443649536567,8.73971260653502,0.0329594000443135,0.0567461368687473
"Rattus_norvegicus_chr10.trna12023-LeuAAG:tRNA",61367.0054648057,0.0291365426044706,0.307443649536567,8.73971260653502,0.0329594000443135,0.0567461368687473
"Rattus_norvegicus_chr15.trna871-LeuAAG:tRNA",61367.0054648057,0.0291365426044706,0.307443649536567,8.73971260653502,0.0329594000443135,0.0567461368687473
"Rattus_norvegicus_chrX.trna2013-PheGAA:tRNA",239.198980362676,-0.0938011080279776,0.20213380942908,8.27324469310469,0.0406895400334629,0.0694103433964915
"Rattus_norvegicus_chr1.trna8770-LysCTT:tRNA",4.61628808426551,0.636859161347353,0.510725211603343,8.27292619944853,0.0406953794160252,0.0694103433964915
"Rattus_norvegicus_chr19.trna2927-MetCAT:tRNA",1334.16867364432,0.0695212912133972,0.20607127712713,8.05880671451598,0.0448118546295106,0.0757237358322749
"Rattus_norvegicus_chr7.trna7114-MetCAT:tRNA",1334.16867364432,0.0695212912133972,0.20607127712713,8.05880671451598,0.0448118546295106,0.0757237358322749
"Rattus_norvegicus_chr2.trna4199-GlnCTG:tRNA",628.89315451609,-0.00684857850561185,0.25390224636864,7.81250191540033,0.0500499061369571,0.0837991547705933
"Rattus_norvegicus_chr2.trna7278-GlnCTG:tRNA",628.89315451609,-0.00684857850561185,0.25390224636864,7.81250191540033,0.0500499061369571,0.0837991547705933
"Rattus_norvegicus_chr2.trna2630-ProAGG:tRNA",2082.66925932895,0.0848018972093009,0.199513074237669,7.65068101049019,0.0538106280276419,0.0896843800460699
"Rattus_norvegicus_chr10.trna2466-SerCGA:tRNA",2724.80220238806,0.0149492259167314,0.163649697094414,7.58563412064757,0.0553984926282103,0.0919111354968034
"Rattus_norvegicus_chr17.trna3868-AlaAGC:tRNA",1194.51492264941,0.293918375405633,0.314025062955198,7.38240004984709,0.0606583489134798,0.0978116169618327
"Rattus_norvegicus_chr1.trna12550-ProAGG:tRNA",2085.05466697298,0.0852402427486334,0.198748228776074,7.36616714758509,0.0610987634720489,0.0978116169618327
"Rattus_norvegicus_chr10.trna12847-ProAGG:tRNA",2085.05466697298,0.0852402427486334,0.198748228776074,7.36616714758509,0.0610987634720489,0.0978116169618327
"Rattus_norvegicus_chr10.trna12850-ProAGG:tRNA",2085.05466697298,0.0852402427486334,0.198748228776074,7.36616714758509,0.0610987634720489,0.0978116169618327
"Rattus_norvegicus_chr13.trna1964-ProAGG:tRNA",2085.05466697298,0.0852402427486334,0.198748228776074,7.36616714758509,0.0610987634720489,0.0978116169618327
"Rattus_norvegicus_chr15.trna5101-ProAGG:tRNA",2085.05466697298,0.0852402427486334,0.198748228776074,7.36616714758509,0.0610987634720489,0.0978116169618327
"Rattus_norvegicus_chr17.trna1603-ProAGG:tRNA",2085.05466697298,0.0852402427486334,0.198748228776074,7.36616714758509,0.0610987634720489,0.0978116169618327
"Rattus_norvegicus_chr4.trna1068-ProAGG:tRNA",2085.05466697298,0.0852402427486334,0.198748228776074,7.36616714758509,0.0610987634720489,0.0978116169618327
"Rattus_norvegicus_chr10.trna11179-TrpCCA:tRNA",3933.48668922651,0.0353321147228918,0.122173862748799,7.31702421703551,0.0624510441680451,0.0995398738922989
"Rattus_norvegicus_chr7.trna8814-TrpCCA:tRNA",2405.57026239754,0.249269290532386,0.153516555684643,7.15094654122572,0.067239087378069,0.106705508230414
"Rattus_norvegicus_chr17.trna1600-ValCAC:tRNA",42328.4037942124,0.00133939730460427,0.134369760943354,6.96943966761694,0.07287823936436,0.115153927999963
"Rattus_norvegicus_chr10.trna8562-CysGCA:tRNA",161.454363967754,-0.226234546872327,0.231924370206738,6.46438763698103,0.0910775976683146,0.142855443269191
"Rattus_norvegicus_chrUn.trna552-ValAAC:tRNA",0.946473001076201,-1.45663982127418,1.37517637242567,6.46151558257883,0.0911926528266341,0.142855443269191
"Rattus_norvegicus_chr10.trna1307-ValCAC:tRNA",42526.4057441854,0.003115656717513,0.135287472466932,6.34541715761998,0.0959623339901582,0.146022227878975
"Rattus_norvegicus_chr13.trna2189-ValCAC:tRNA",42526.4057441854,0.003115656717513,0.135287472466932,6.34541715761998,0.0959623339901582,0.146022227878975
"Rattus_norvegicus_chr2.trna4114-ValCAC:tRNA",42526.4057441854,0.003115656717513,0.135287472466932,6.34541715761998,0.0959623339901582,0.146022227878975
"Rattus_norvegicus_chr1.trna3402-GluTTC:tRNA",38336.8361325698,0.0549742421604138,0.211360354788483,6.34417554822289,0.0960146155916545,0.146022227878975
"Rattus_norvegicus_chr15.trna2018-GluTTC:tRNA",38336.8361325698,0.0549742421604138,0.211360354788483,6.34417554822289,0.0960146155916545,0.146022227878975
"Rattus_norvegicus_chr17.trna3881-GluTTC:tRNA",38336.8361325698,0.0549742421604138,0.211360354788483,6.34417554822289,0.0960146155916545,0.146022227878975
"Rattus_norvegicus_chr8.trna5785-GluTTC:tRNA",38336.8361325698,0.0549742421604138,0.211360354788483,6.34417554822289,0.0960146155916545,0.146022227878975
"Rattus_norvegicus_chr17.trna3824-ThrTGT:tRNA",97.3882961302538,-0.17257756343233,0.247933470939261,5.87238424830218,0.117986798174371,0.178693698479857
"Rattus_norvegicus_chr4.trna1751-CysGCA:tRNA",210.977798860843,-0.30326170290361,0.510095594629525,5.81729912217355,0.120845363836011,0.18226676776919
"Rattus_norvegicus_chr17.trna1679-ArgCCG:tRNA",401.143542653688,-0.116346496869536,0.171282489928948,5.72020017531457,0.126045610497408,0.189327768854132
"Rattus_norvegicus_chr13.trna2313-ArgTCT:tRNA",137.404797119358,0.234964186652101,0.275553339967898,5.59169697641198,0.133255839403519,0.19933762861592
"Rattus_norvegicus_chr2.trna4110-GlyCCC:tRNA",91799.6568111029,-0.083042995286463,0.212349390600168,4.96380119690127,0.174467069810121,0.259920328492629
"Rattus_norvegicus_chr18.trna435-AlaAGC:tRNA",0.487043235943946,0.054770797927875,2.09787803159908,4.90005168899804,0.179263864736126,0.265980937514984
"Rattus_norvegicus_chr17.trna1674-ThrAGT:tRNA",7.74998543502897,-0.00200779669903527,0.392848972211085,4.87740058805983,0.180997769011511,0.267466338822678
"Rattus_norvegicus_chr17.trna3895-MetCAT:tRNA",177488.758420006,0.151589438150398,0.251181894693232,4.71923310229681,0.193549151192914,0.284860645908926
"Rattus_norvegicus_chr6.trna7279-ValTAC:tRNA",212.5981488004,-0.258892768794584,0.161945597834878,4.51701584795376,0.210777525074828,0.30897107089282
"Rattus_norvegicus_chrX.trna6496-AspGTC:tRNA",2343.83286929508,0.0393369105760177,0.233436617328676,4.44645786538615,0.217116133944855,0.316989555559489
"Rattus_norvegicus_chr4.trna1748-CysGCA:tRNA",3.32463446998164,-0.113669112631173,0.922981109603671,4.24677429286982,0.23602041537155,0.343216938687713
"Rattus_norvegicus_chr10.trna12842-ArgCCT:tRNA",1372.97956579969,-0.0780476531424671,0.187195469013757,4.23300069076231,0.237378589019615,0.343822162667299
"Rattus_norvegicus_chr10.trna5710-ArgCCG:tRNA",11834.5328609918,0.119503733235099,0.164197335450276,4.15476261529648,0.245230211168833,0.353790620856222
"Rattus_norvegicus_chr10.trna6098-ArgTCG:tRNA",399.025812910303,-0.201059820012573,0.241584984804779,3.91278081212926,0.271037552575159,0.38948309720446
"Rattus_norvegicus_chr1.trna10115-LysTTT:tRNA",4982.20626726719,0.114470400400947,0.18781083720937,3.83898300326337,0.279384199117183,0.392212433376045
"Rattus_norvegicus_chr1.trna6856-LysTTT:tRNA",4982.20626726719,0.114470400400947,0.18781083720937,3.83898300326337,0.279384199117183,0.392212433376045
"Rattus_norvegicus_chr10.trna10825-LysTTT:tRNA",4982.20626726719,0.114470400400947,0.18781083720937,3.83898300326337,0.279384199117183,0.392212433376045
"Rattus_norvegicus_chr13.trna5115-LysTTT:tRNA",4982.20626726719,0.114470400400947,0.18781083720937,3.83898300326337,0.279384199117183,0.392212433376045
"Rattus_norvegicus_chr13.trna783-LysTTT:tRNA",4982.20626726719,0.114470400400947,0.18781083720937,3.83898300326337,0.279384199117183,0.392212433376045
"Rattus_norvegicus_chr17.trna1683-LysTTT:tRNA",4982.20626726719,0.114470400400947,0.18781083720937,3.83898300326337,0.279384199117183,0.392212433376045
"Rattus_norvegicus_chr13.trna2168-LeuCAG:tRNA",1371.95893229379,0.225713437586859,0.230717299901206,3.74947043728969,0.289818526768804,0.396193866182073
"Rattus_norvegicus_chr13.trna2179-LeuCAG:tRNA",1371.95893229379,0.225713437586859,0.230717299901206,3.74947043728969,0.289818526768804,0.396193866182073
"Rattus_norvegicus_chr13.trna3800-LeuCAG:tRNA",1371.95893229379,0.225713437586859,0.230717299901206,3.74947043728969,0.289818526768804,0.396193866182073
"Rattus_norvegicus_chr13_random.trna27-LeuCAG:tRNA",1371.95893229379,0.225713437586859,0.230717299901206,3.74947043728969,0.289818526768804,0.396193866182073
"Rattus_norvegicus_chr13_random.trna4-LeuCAG:tRNA",1371.95893229379,0.225713437586859,0.230717299901206,3.74947043728969,0.289818526768804,0.396193866182073
"Rattus_norvegicus_chr13_random.trna6-LeuCAG:tRNA",1371.95893229379,0.225713437586859,0.230717299901206,3.74947043728969,0.289818526768804,0.396193866182073
"Rattus_norvegicus_chr17.trna1598-LeuCAG:tRNA",1371.95893229379,0.225713437586859,0.230717299901206,3.74947043728969,0.289818526768804,0.396193866182073
"Rattus_norvegicus_chr17.trna3872-SerACT:tRNA",2.38827202317746,-0.155176050887733,0.538161239543647,3.73520000068839,0.291513962240965,0.397024612753553
"Rattus_norvegicus_chr13.trna524-ProAGG:tRNA",1.07409451468634,-1.36603086735647,1.26299523937852,3.6988807935854,0.295869104272707,0.401458078288246
"Rattus_norvegicus_chr7.trna4908-ProAGG:tRNA",4.93105209513705,-0.320753214362678,0.447710506589301,3.61607687457501,0.306016443239042,0.413688895489815
"Rattus_norvegicus_chr17.trna3807-LeuAAG:tRNA",35465.3758846193,0.147929179329794,0.228782256797845,3.44676409025078,0.327732558848281,0.438602626909018
"Rattus_norvegicus_chr17.trna3808-LeuAAG:tRNA",35465.3758846193,0.147929179329794,0.228782256797845,3.44676409025078,0.327732558848281,0.438602626909018
"Rattus_norvegicus_chr10.trna2467-LeuTAG:tRNA",35503.193650939,0.135126911930882,0.228827535122626,3.42458939897676,0.33067512890111,0.438602626909018
"Rattus_norvegicus_chr10.trna2457-ProCGG:tRNA",2904.3611363877,0.0610321610050732,0.138693905180445,3.39051495382739,0.33524202656105,0.438602626909018
"Rattus_norvegicus_chr10.trna452-ProCGG:tRNA",2904.3611363877,0.0610321610050732,0.138693905180445,3.39051495382739,0.33524202656105,0.438602626909018
"Rattus_norvegicus_chr13.trna3982-ProCGG:tRNA",2904.3611363877,0.0610321610050732,0.138693905180445,3.39051495382739,0.33524202656105,0.438602626909018
"Rattus_norvegicus_chr13.trna2162-LeuCAG:tRNA",1465.39482197924,0.200968738664596,0.226910572543601,3.38147929658692,0.336462289135685,0.438602626909018
"Rattus_norvegicus_chr19.trna214-LeuCAG:tRNA",1465.39482197924,0.200968738664596,0.226910572543601,3.38147929658692,0.336462289135685,0.438602626909018
"Rattus_norvegicus_chr19.trna3207-LeuCAG:tRNA",1465.39482197924,0.200968738664596,0.226910572543601,3.38147929658692,0.336462289135685,0.438602626909018
"Rattus_norvegicus_chr19.trna4843-LeuCAG:tRNA",1465.39482197924,0.200968738664596,0.226910572543601,3.38147929658692,0.336462289135685,0.438602626909018
"Rattus_norvegicus_chrX.trna2426-ArgCCT:tRNA",590.232537090678,-0.146308681313987,0.102217726100665,3.35806221548427,0.339642876813037,0.441173131803411
"Rattus_norvegicus_chr4.trna8134-AlaAGC:tRNA",1.31547876491307,-0.352345405021354,1.06087055283991,3.24587553830389,0.355247081278525,0.459805619385325
"Rattus_norvegicus_chr17.trna1622-ArgTCT:tRNA",0.57498380478545,-2.92541434337737,2.24184506209518,3.08530562087557,0.378658819279198,0.488376215678118
"Rattus_norvegicus_chr1.trna2353-IleTAT:tRNA",385.827254135235,-0.15445619094999,0.300400878569717,3.00309774470867,0.391147811514102,0.502707574657209
"Rattus_norvegicus_chr3.trna7396-AlaAGC:tRNA",4.54078153988864,-0.411965926271681,0.417886466971067,2.98143014176614,0.394497153485153,0.505233196568705
"Rattus_norvegicus_chr1.trna8839-ArgTCT:tRNA",3.53173141592244,0.145304360080777,0.515029496953347,2.84709709362423,0.415805465063287,0.530660820797552
"Rattus_norvegicus_chr17.trna3892-TrpCCA:tRNA",1137.80307617241,0.276300499321179,0.270610042673057,2.8235822249145,0.419632561554421,0.533679041698131
"Rattus_norvegicus_chr5.trna5590-IleAAT:tRNA",1.3903783017063,0.808027701282077,0.793378747897935,2.66568756109683,0.446089861608949,0.565356942664119
"Rattus_norvegicus_chr17.trna3869-MetCAT:tRNA",4.65555161251268,-0.109218237067266,0.623763350707186,2.60215712201324,0.457111501023717,0.576044398322897
"Rattus_norvegicus_chr10.trna3238-ThrCGT:tRNA",1217.44461426226,-0.166515842032161,0.170009746618184,2.59891888973289,0.457679110996274,0.576044398322897
"Rattus_norvegicus_chr1.trna8775-LysCTT:tRNA",6.63327934563398,0.244200066560549,0.429599340360699,2.51810911675852,0.47202724847497,0.587274034899898
"Rattus_norvegicus_chr1.trna15620-ArgCCT:tRNA",515.389904261878,-0.152402570692776,0.111343582821093,2.50357062086965,0.474646137795808,0.587274034899898
"Rattus_norvegicus_chr10.trna12851-ArgCCT:tRNA",515.389904261878,-0.152402570692776,0.111343582821093,2.50357062086965,0.474646137795808,0.587274034899898
"Rattus_norvegicus_chr10.trna1419-ArgCCT:tRNA",515.389904261878,-0.152402570692776,0.111343582821093,2.50357062086965,0.474646137795808,0.587274034899898
"Rattus_norvegicus_chr10.trna6097-ArgCCT:tRNA",515.389904261878,-0.152402570692776,0.111343582821093,2.50357062086965,0.474646137795808,0.587274034899898
"Rattus_norvegicus_chr14.trna5625-CysGCA:tRNA",0.988632345944735,-0.328168051012352,1.70939798411554,2.47962168270647,0.478985161455242,0.59064048625393
"Rattus_norvegicus_chr17.trna3806-MetCAT:tRNA",1269.94438066926,-0.024668853169008,0.232270374986707,2.40893322345676,0.491973872385356,0.6046143549517
"Rattus_norvegicus_chr8.trna5635-ProAGG:tRNA",1.65468425853873,0.377198820732465,0.744179629741935,2.32060734701122,0.508584585914026,0.616300865778294
"Rattus_norvegicus_chr10.trna12843-ProTGG:tRNA",4430.97975190493,-0.0715073405953051,0.129159840065201,2.3019793729195,0.512141817732324,0.616300865778294
"Rattus_norvegicus_chr10.trna12846-ProTGG:tRNA",4430.97975190493,-0.0715073405953051,0.129159840065201,2.3019793729195,0.512141817732324,0.616300865778294
"Rattus_norvegicus_chr10.trna1313-ProTGG:tRNA",4430.97975190493,-0.0715073405953051,0.129159840065201,2.3019793729195,0.512141817732324,0.616300865778294
"Rattus_norvegicus_chr15.trna877-ProTGG:tRNA",4430.97975190493,-0.0715073405953051,0.129159840065201,2.3019793729195,0.512141817732324,0.616300865778294
"Rattus_norvegicus_chr2.trna2629-ProTGG:tRNA",4430.97975190493,-0.0715073405953051,0.129159840065201,2.3019793729195,0.512141817732324,0.616300865778294
"Rattus_norvegicus_chr17.trna1630-ArgACG:tRNA",6107.98142979075,-0.0790907083954865,0.136759544918144,2.26475560832091,0.519306400275111,0.616300865778294
"Rattus_norvegicus_chr8.trna4697-ArgACG:tRNA",6107.98142979075,-0.0790907083954865,0.136759544918144,2.26475560832091,0.519306400275111,0.616300865778294
"Rattus_norvegicus_chr13.trna2180-GlyGCC:tRNA",94069.1177293403,-0.112658112977152,0.208698426644344,2.2261776997492,0.52681060307624,0.616300865778294
"Rattus_norvegicus_chr13.trna2182-GlyGCC:tRNA",94069.1177293403,-0.112658112977152,0.208698426644344,2.2261776997492,0.52681060307624,0.616300865778294
"Rattus_norvegicus_chr13_random.trna26-GlyGCC:tRNA",94069.1177293403,-0.112658112977152,0.208698426644344,2.2261776997492,0.52681060307624,0.616300865778294
"Rattus_norvegicus_chr13_random.trna28-GlyGCC:tRNA",94069.1177293403,-0.112658112977152,0.208698426644344,2.2261776997492,0.52681060307624,0.616300865778294
"Rattus_norvegicus_chr13_random.trna30-GlyGCC:tRNA",94069.1177293403,-0.112658112977152,0.208698426644344,2.2261776997492,0.52681060307624,0.616300865778294
"Rattus_norvegicus_chr13_random.trna5-GlyGCC:tRNA",94069.1177293403,-0.112658112977152,0.208698426644344,2.2261776997492,0.52681060307624,0.616300865778294
"Rattus_norvegicus_chr13_random.trna7-GlyGCC:tRNA",94069.1177293403,-0.112658112977152,0.208698426644344,2.2261776997492,0.52681060307624,0.616300865778294
"Rattus_norvegicus_chr1.trna11779-LeuTAG:tRNA",29154.7734808299,0.114113712808138,0.183661340295562,2.10712506268089,0.55047266009817,0.641924987015438
"Rattus_norvegicus_chrX.trna426-GlnTTG:tRNA",17960.1364831338,-0.207044762029616,0.219688844584714,2.09256868453724,0.553417631495265,0.643303934699911
"Rattus_norvegicus_chr10.trna7193-ArgCCT:tRNA",536.409852779385,-0.137520235269654,0.109316779116712,1.97103200861108,0.578440836822257,0.67025684266706
"Rattus_norvegicus_chr17.trna3891-TrpCCA:tRNA",133.124288476065,0.0887147492919762,0.2154561776721,1.94141033752652,0.584655812624636,0.675314467113899
"Rattus_norvegicus_chr6.trna253-IleTAT:tRNA",444.4002648908,-0.1633429455878,0.260395715145785,1.92488285103309,0.588142969203801,0.677199317852957
"Rattus_norvegicus_chr17.trna1651-IleTAT:tRNA",478.442889313639,-0.155687550784869,0.253642138741644,1.91272209182227,0.590717647767023,0.678024973065923
"Rattus_norvegicus_chr1.trna4473-ProTGG:tRNA",1906.64591772925,0.0555738110410926,0.212131121936473,1.86179459719779,0.601580931338613,0.688329278804369
"Rattus_norvegicus_chr17.trna3719-AlaAGC:tRNA",0.472852356539675,0.0314488044415166,1.63482126847403,1.68476036356473,0.640327213915114,0.730373228371927
"Rattus_norvegicus_chr4.trna6361-LeuAAG:tRNA",205.774572708867,0.128812011401766,0.215875597089779,1.58129020980982,0.663639540531703,0.75460570808122
"Rattus_norvegicus_chr17.trna1682-MetCAT:tRNA",1001.90156222236,-0.0482008710808311,0.259212086567712,1.5659705181929,0.66713014985336,0.75621895868471
"Rattus_norvegicus_chr13.trna5392-ProAGG:tRNA",1.2963181790718,-0.470366336971821,0.918122706144154,1.47090057421369,0.689002561990488,0.77859422639792
"Rattus_norvegicus_chr10.trna12027-AlaTGC:tRNA",677.539092596868,-0.078859457295795,0.118119489029249,1.43919450059258,0.696373584050781,0.7820811020878
"Rattus_norvegicus_chr12.trna2135-AlaTGC:tRNA",677.539092596868,-0.078859457295795,0.118119489029249,1.43919450059258,0.696373584050781,0.7820811020878
"Rattus_norvegicus_chr4.trna7730-CysGCA:tRNA",2.83762469597284,-0.602487409146329,0.870941279135547,1.32634485311223,0.722886939462134,0.809367278845641
"Rattus_norvegicus_chr1.trna6858-ValTAC:tRNA",39218.1210674247,-0.17977367432684,0.228518691037757,1.3037641079095,0.728239446182663,0.810388408099609
"Rattus_norvegicus_chr1.trna6859-ValTAC:tRNA",39218.1210674247,-0.17977367432684,0.228518691037757,1.3037641079095,0.728239446182663,0.810388408099609
"Rattus_norvegicus_chr19.trna4680-SerAGA:tRNA",0.291196068384359,-0.264234184481827,2.98632647975325,1.29047568329161,0.731395952836121,0.811427120927611
"Rattus_norvegicus_chr17.trna3897-GlnTTG:tRNA",2477.22902014956,-0.0975682134027497,0.216175666118507,1.18487392976397,0.756634407301037,0.828356622115341
"Rattus_norvegicus_chr17.trna3898-GlnTTG:tRNA",2477.22902014956,-0.0975682134027497,0.216175666118507,1.18487392976397,0.756634407301037,0.828356622115341
"Rattus_norvegicus_chr17.trna3820-AlaCGC:tRNA",669.369976912808,-0.0744267567044811,0.121299813585573,1.14702863334708,0.765734999903414,0.828356622115341
"Rattus_norvegicus_chr17.trna1607-ValAAC:tRNA",28.1943621263174,0.12623321302033,0.318878989170146,1.13205037463575,0.769343167308237,0.828356622115341
"Rattus_norvegicus_chr10.trna10828-GlyGCC:tRNA",111999.104397193,0.039952492811975,0.168625518822842,1.12260612690693,0.771619867175934,0.828356622115341
"Rattus_norvegicus_chr13.trna2163-GlyGCC:tRNA",111999.104397193,0.039952492811975,0.168625518822842,1.12260612690693,0.771619867175934,0.828356622115341
"Rattus_norvegicus_chr17.trna3835-GlyGCC:tRNA",111999.104397193,0.039952492811975,0.168625518822842,1.12260612690693,0.771619867175934,0.828356622115341
"Rattus_norvegicus_chr19.trna1668-GlyGCC:tRNA",111999.104397193,0.039952492811975,0.168625518822842,1.12260612690693,0.771619867175934,0.828356622115341
"Rattus_norvegicus_chr19.trna3456-GlyGCC:tRNA",111999.104397193,0.039952492811975,0.168625518822842,1.12260612690693,0.771619867175934,0.828356622115341
"Rattus_norvegicus_chr19.trna3457-GlyGCC:tRNA",111999.104397193,0.039952492811975,0.168625518822842,1.12260612690693,0.771619867175934,0.828356622115341
"Rattus_norvegicus_chr3.trna10642-GlyGCC:tRNA",111999.104397193,0.039952492811975,0.168625518822842,1.12260612690693,0.771619867175934,0.828356622115341
"Rattus_norvegicus_chr18.trna934-AlaAGC:tRNA",2276.16830545127,0.0752310669708119,0.299888974858487,1.08845357842733,0.779862141691424,0.834749799757682
"Rattus_norvegicus_chrX.trna4168-ValTAC:tRNA",0.38136705462766,1.35118589376197,4.11323142328704,1.07831958943426,0.782310229686353,0.834921736361166
"Rattus_norvegicus_chr10.trna1312-ThrTGT:tRNA",16250.0461607543,-0.0342282393530836,0.221336700464203,1.006836734795,0.799597673651138,0.84516979920988
"Rattus_norvegicus_chr15.trna5100-ThrTGT:tRNA",16250.0461607543,-0.0342282393530836,0.221336700464203,1.006836734795,0.799597673651138,0.84516979920988
"Rattus_norvegicus_chr17.trna1608-AlaAGC:tRNA",2291.86868533024,0.0807153107388975,0.298030337912701,1.00031945155752,0.801174658977037,0.84516979920988
"Rattus_norvegicus_chr17.trna1609-AlaAGC:tRNA",2291.86868533024,0.0807153107388975,0.298030337912701,1.00031945155752,0.801174658977037,0.84516979920988
"Rattus_norvegicus_chr2.trna2057-AlaAGC:tRNA",2326.41804428421,0.0806923325492335,0.294402272348093,0.952582523356,0.812723396201374,0.852425401188223
"Rattus_norvegicus_chr6.trna7600-AlaAGC:tRNA",2326.41804428421,0.0806923325492335,0.294402272348093,0.952582523356,0.812723396201374,0.852425401188223
"Rattus_norvegicus_chr13.trna4389-TrpCCA:tRNA",2.1663208192652,-0.337058785638332,0.670235034076948,0.86669156369507,0.83345753646645,0.87166762409815
"Rattus_norvegicus_chr2.trna4117-GluTTC:tRNA",549.375256339498,0.00404523284923486,0.233005611360318,0.844647740738765,0.838760733927521,0.872215578015798
"Rattus_norvegicus_chr2.trna4121-GluTTC:tRNA",549.375256339498,0.00404523284923486,0.233005611360318,0.844647740738765,0.838760733927521,0.872215578015798
"Rattus_norvegicus_chr10.trna10906-ThrTGT:tRNA",91.6373105332457,-0.123880972767902,0.262865544563953,0.726617941066763,0.866925993884623,0.898943147067862
"Rattus_norvegicus_chr5.trna2014-LysCTT:tRNA",0.803758044645051,-0.972761694755278,1.43476835321315,0.703165565487112,0.872459124676839,0.902117791804664
"Rattus_norvegicus_chr15.trna1035-ArgACG:tRNA",5751.54953389285,-0.0774561813061319,0.147481170021473,0.64534466921009,0.885977712919426,0.90837602588649
"Rattus_norvegicus_chr17.trna1587-ArgACG:tRNA",5751.54953389285,-0.0774561813061319,0.147481170021473,0.64534466921009,0.885977712919426,0.90837602588649
"Rattus_norvegicus_chr17.trna1599-ArgACG:tRNA",5751.54953389285,-0.0774561813061319,0.147481170021473,0.64534466921009,0.885977712919426,0.90837602588649
"Rattus_norvegicus_chr4.trna1504-ArgCCT:tRNA",15120.5253160947,-0.0840917040927293,0.181971147372007,0.615397758596259,0.89289853813529,0.912907468961851
"Rattus_norvegicus_chr4.trna7731-CysGCA:tRNA",2532.54960007593,0.182042943178754,0.275024195217517,0.439164134546786,0.932038405294913,0.946625123457007
"Rattus_norvegicus_chr4.trna7735-CysGCA:tRNA",2532.54960007593,0.182042943178754,0.275024195217517,0.439164134546786,0.932038405294913,0.946625123457007
"Rattus_norvegicus_chr17.trna1644-SerAGA:tRNA",43.4202347887315,-0.0672551082428651,0.189940556797154,0.431516539594895,0.933657656012391,0.946625123457007
"Rattus_norvegicus_chr10.trna11017-TrpCCA:tRNA",1118.75203269055,0.022160180957088,0.259244717302658,0.368214682667713,0.946727418217771,0.957217472713258
"Rattus_norvegicus_chr2.trna9397-ArgACG:tRNA",5158.81687626701,-0.0722973300398013,0.172575538350197,0.335889992752527,0.953143066774834,0.961042042466338
"Rattus_norvegicus_chr1.trna4976-SerGCT:tRNA",2.01464651655634,-0.261459561159756,0.646670615413561,0.309496851193614,0.958232595438832,0.963512113871002
"Rattus_norvegicus_chr4.trna9144-AlaAGC:tRNA",0.181493267900308,-1.08036977807511,2.86135004869266,0.267141036154229,0.966085061538236,0.968739141377626
"Rattus_norvegicus_chr17.trna3866-ValCAC:tRNA",0.305586417614414,0.455885395781364,2.21479746374676,0.138850435270548,0.986798569440643,0.986798569440643
