name,Library_01,Library_02,Library_03,Library_04,Library_05,Library_06,Library_07,Library_08,Library_09,Library_10,Library_11,Library_12,Library_13,Library_14,Library_15,Library_16,Library_17,Library_18,Library_19,Library_20,Library_21,Library_22,Library_23,Library_24,Library_25,Library_26,Library_27,Library_28,Library_29,Library_30,Library_31,Library_32,Library_33,Library_34,Library_35,Library_36,Library_38,Library_39,Library_40
rno-let-7a-1-3p,2.0,0.0,0.0,3.0,3.0,0.0,0.0,0.0,2.0,0.0,0.0,0.0,0.0,0.0,0.0,0.0,2.0,0.0,0.0,0.0,1.0,0.0,0.0,0.0,0.0,0.0,2.0,0.0,0.0,2.0,0.0,0.0,0.0,0.0,0.0,0.0,0.0,0.0,0.0
rno-let-7a-5p,618.0,303.0,189.0,851.0,308.0,18.0,21.0,81.0,742.0,159.0,152.0,153.0,198.0,106.0,70.0,280.0,331.0,416.0,812.0,196.0,1131.0,202.0,22.0,12.0,248.0,233.0,527.0,379.0,554.0,415.0,71.0,108.0,37.0,409.0,856.0,123.0,73.0,215.0,58.0
rno-let-7b-5p,79.0,32.0,32.0,331.0,146.0,3.0,11.0,53.0,173.0,19.0,90.0,71.0,35.0,59.0,36.0,35.0,58.0,85.0,281.0,77.0,427.0,128.0,10.0,13.0,48.0,85.0,106.0,75.0,311.0,107.0,34.0,79.0,14.0,52.0,370.0,47.0,68.0,130.0,19.0
rno-let-7c-2-3p,2.0,0.0,0.0,3.0,3.0,0.0,0.0,0.0,2.0,0.0,0.0,0.0,0.0,0.0,0.0,0.0,2.0,0.0,0.0,0.0,1.0,0.0,0.0,0.0,0.0,0.0,2.0,0.0,0.0,2.0,0.0,0.0,0.0,0.0,0.0,0.0,0.0,0.0,0.0
rno-let-7c-5p,123.0,79.0,49.0,600.0,331.0,6.0,35.0,76.0,341.0,34.0,111.0,104.0,61.0,79.0,51.0,87.0,124.0,116.0,640.0,164.0,914.0,304.0,32.0,10.0,56.0,88.0,177.0,160.0,772.0,206.0,96.0,142.0,22.0,107.0,588.0,106.0,115.0,258.0,57.0
rno-let-7d-3p,10.0,0.0,6.0,19.0,12.0,0.0,0.0,0.0,15.0,3.0,0.0,4.0,4.0,4.0,0.0,0.0,9.0,0.0,15.0,0.0,14.0,2.0,0.0,0.0,0.0,2.0,9.0,14.0,19.0,3.0,0.0,4.0,0.0,0.0,9.0,0.0,2.0,4.0,0.0
rno-let-7d-5p,11.0,16.0,9.0,157.0,80.0,2.0,4.0,13.0,99.0,3.0,12.0,10.0,7.0,10.0,8.0,13.0,28.0,18.0,65.0,18.0,117.0,29.0,0.0,0.0,8.0,13.0,36.0,47.0,111.0,25.0,0.0,23.0,0.0,10.0,52.0,11.0,8.0,34.0,4.0
rno-let-7e-5p,29.0,23.0,11.0,102.0,46.0,0.0,0.0,4.0,53.0,2.0,14.0,10.0,8.0,2.0,0.0,6.0,14.0,10.0,26.0,14.0,44.0,12.0,3.0,0.0,6.0,4.0,22.0,20.0,45.0,12.0,0.0,7.0,2.0,7.0,28.0,4.0,8.0,9.0,5.0
rno-let-7f-2-3p,4.0,0.0,0.0,0.0,0.0,0.0,0.0,0.0,0.0,0.0,0.0,0.0,0.0,0.0,0.0,0.0,0.0,0.0,0.0,0.0,0.0,0.0,0.0,0.0,2.0,0.0,0.0,0.0,0.0,0.0,0.0,0.0,0.0,0.0,0.0,0.0,0.0,0.0,0.0
rno-let-7f-5p,140.0,58.0,31.0,284.0,230.0,3.0,6.0,23.0,212.0,26.0,28.0,30.0,45.0,38.0,28.0,45.0,44.0,39.0,145.0,31.0,313.0,61.0,11.0,0.0,47.0,47.0,136.0,84.0,166.0,78.0,8.0,52.0,12.0,68.0,287.0,16.0,14.0,120.0,19.0
rno-let-7g-5p,326.0,100.0,73.0,358.0,183.0,4.0,7.0,36.0,472.0,85.0,64.0,71.0,167.0,57.0,31.0,72.0,94.0,97.0,263.0,36.0,494.0,76.0,15.0,0.0,226.0,57.0,273.0,103.0,290.0,186.0,18.0,47.0,23.0,133.0,471.0,33.0,29.0,144.0,32.0
rno-let-7i-5p,33.0,6.0,8.0,112.0,35.0,0.0,0.0,7.0,68.0,13.0,21.0,8.0,18.0,2.0,3.0,7.0,13.0,18.0,28.0,9.0,38.0,4.0,0.0,0.0,19.0,6.0,10.0,30.0,59.0,25.0,3.0,5.0,2.0,16.0,80.0,0.0,22.0,23.0,9.0
rno-miR-100-5p,2.0,3.0,0.0,23.0,32.0,0.0,2.0,4.0,15.0,2.0,2.0,2.0,0.0,5.0,2.0,4.0,4.0,2.0,16.0,0.0,27.0,11.0,0.0,0.0,2.0,2.0,10.0,11.0,36.0,6.0,0.0,8.0,0.0,2.0,0.0,0.0,1.0,7.0,5.0
rno-miR-101b-3p,42.0,36.0,25.0,21.0,27.0,0.0,0.0,6.0,34.0,0.0,4.0,9.0,12.0,6.0,2.0,0.0,13.0,12.0,14.0,2.0,23.0,5.0,0.0,2.0,21.0,0.0,31.0,10.0,7.0,5.0,0.0,10.0,0.0,4.0,54.0,0.0,5.0,9.0,0.0
rno-miR-103-3p,188.0,112.0,79.0,374.0,205.0,3.0,8.0,25.0,302.0,88.0,46.0,79.0,60.0,48.0,36.0,40.0,122.0,90.0,111.0,29.0,182.0,43.0,2.0,0.0,115.0,42.0,240.0,121.0,214.0,74.0,12.0,52.0,2.0,83.0,146.0,15.0,29.0,43.0,6.0
rno-miR-106b-3p,41.0,36.0,14.0,35.0,9.0,8.0,0.0,0.0,50.0,15.0,29.0,10.0,5.0,0.0,2.0,0.0,39.0,9.0,6.0,2.0,18.0,0.0,2.0,0.0,7.0,23.0,36.0,19.0,6.0,7.0,0.0,2.0,4.0,9.0,24.0,0.0,3.0,0.0,0.0
rno-miR-106b-5p,31.0,7.0,25.0,24.0,35.0,0.0,0.0,0.0,50.0,11.0,9.0,8.0,21.0,4.0,7.0,2.0,10.0,15.0,5.0,0.0,11.0,2.0,0.0,0.0,39.0,6.0,31.0,27.0,16.0,12.0,0.0,0.0,0.0,5.0,31.0,0.0,0.0,5.0,0.0
rno-miR-107-3p,4.0,1.0,1.0,20.0,42.0,0.0,2.0,6.0,11.0,4.0,2.0,3.0,3.0,4.0,6.0,3.0,3.0,3.0,5.0,0.0,23.0,7.0,1.0,0.0,3.0,0.0,9.0,5.0,20.0,3.0,0.0,10.0,0.0,2.0,8.0,0.0,8.0,5.0,1.0
rno-miR-10a-5p,98.0,43.0,31.0,176.0,189.0,5.0,32.0,118.0,223.0,46.0,46.0,87.0,82.0,163.0,104.0,76.0,77.0,29.0,309.0,76.0,615.0,193.0,7.0,6.0,73.0,29.0,222.0,77.0,425.0,144.0,41.0,217.0,4.0,67.0,403.0,9.0,88.0,447.0,26.0
rno-miR-10b-5p,166.0,82.0,46.0,269.0,248.0,0.0,17.0,83.0,270.0,81.0,70.0,95.0,73.0,102.0,87.0,54.0,102.0,55.0,206.0,52.0,327.0,100.0,10.0,2.0,134.0,31.0,192.0,119.0,369.0,133.0,20.0,136.0,9.0,89.0,273.0,16.0,93.0,287.0,16.0
rno-miR-122-5p,2.0,2.0,0.0,0.0,0.0,0.0,0.0,0.0,0.0,0.0,0.0,0.0,0.0,0.0,0.0,0.0,0.0,0.0,0.0,0.0,0.0,0.0,0.0,0.0,0.0,0.0,0.0,0.0,0.0,0.0,0.0,0.0,0.0,0.0,0.0,0.0,0.0,0.0,0.0
rno-miR-124-3p,48.0,41.0,22.0,37.0,28.0,8.0,2.0,19.0,96.0,20.0,98.0,20.0,15.0,16.0,8.0,15.0,47.0,25.0,21.0,10.0,68.0,13.0,2.0,0.0,35.0,44.0,87.0,29.0,73.0,21.0,2.0,31.0,3.0,11.0,52.0,0.0,57.0,6.0,4.0
rno-miR-125a-5p,43.0,39.0,22.0,196.0,150.0,0.0,7.0,17.0,111.0,11.0,34.0,22.0,8.0,12.0,5.0,12.0,32.0,13.0,45.0,40.0,101.0,32.0,0.0,0.0,31.0,16.0,45.0,124.0,146.0,41.0,21.0,20.0,2.0,26.0,67.0,14.0,23.0,43.0,11.0
rno-miR-125b-5p,199.0,246.0,95.0,663.0,614.0,7.0,39.0,137.0,388.0,147.0,126.0,127.0,116.0,116.0,73.0,81.0,367.0,169.0,430.0,222.0,605.0,109.0,20.0,14.0,175.0,79.0,253.0,518.0,646.0,276.0,169.0,152.0,16.0,162.0,378.0,90.0,148.0,242.0,99.0
rno-miR-126a-3p,10.0,12.0,4.0,17.0,21.0,0.0,0.0,2.0,41.0,8.0,7.0,0.0,8.0,6.0,0.0,4.0,0.0,7.0,16.0,0.0,19.0,4.0,0.0,0.0,0.0,2.0,10.0,18.0,119.0,12.0,5.0,6.0,0.0,5.0,13.0,0.0,4.0,4.0,2.0
rno-miR-126a-5p,8.0,3.0,2.0,2.0,12.0,2.0,0.0,7.0,22.0,0.0,2.0,0.0,6.0,0.0,3.0,0.0,5.0,4.0,16.0,0.0,20.0,4.0,0.0,0.0,0.0,3.0,5.0,9.0,126.0,2.0,3.0,0.0,0.0,6.0,13.0,0.0,4.0,4.0,0.0
rno-miR-127-5p,2.0,0.0,0.0,0.0,0.0,0.0,0.0,0.0,0.0,0.0,0.0,0.0,0.0,0.0,0.0,0.0,0.0,0.0,0.0,0.0,0.0,0.0,0.0,0.0,0.0,0.0,0.0,0.0,0.0,0.0,0.0,0.0,0.0,0.0,0.0,0.0,0.0,0.0,0.0
rno-miR-128-3p,76.0,20.0,15.0,69.0,58.0,0.0,0.0,20.0,87.0,28.0,22.0,42.0,19.0,16.0,11.0,25.0,43.0,25.0,38.0,10.0,67.0,2.0,0.0,0.0,49.0,14.0,92.0,47.0,27.0,30.0,0.0,21.0,2.0,28.0,63.0,0.0,12.0,6.0,2.0
rno-miR-1298,2.0,0.0,0.0,0.0,0.0,0.0,0.0,0.0,0.0,0.0,0.0,0.0,0.0,0.0,0.0,0.0,0.0,0.0,0.0,0.0,0.0,0.0,0.0,0.0,0.0,0.0,2.0,0.0,0.0,0.0,0.0,0.0,0.0,0.0,0.0,0.0,0.0,0.0,0.0
rno-miR-1306-5p,7.0,14.0,12.0,23.0,13.0,16.0,0.0,0.0,34.0,11.0,33.0,2.0,5.0,4.0,2.0,4.0,20.0,0.0,16.0,2.0,13.0,0.0,2.0,0.0,10.0,42.0,18.0,3.0,12.0,16.0,3.0,2.0,4.0,2.0,15.0,0.0,2.0,2.0,0.0
rno-miR-130a-3p,20.0,20.0,7.0,40.0,73.0,0.0,0.0,7.0,54.0,13.0,10.0,14.0,6.0,9.0,9.0,6.0,25.0,5.0,32.0,9.0,66.0,0.0,2.0,0.0,16.0,5.0,42.0,17.0,50.0,13.0,3.0,9.0,0.0,10.0,27.0,0.0,18.0,8.0,4.0
rno-miR-130b-3p,2.0,0.0,0.0,0.0,0.0,0.0,0.0,0.0,0.0,0.0,0.0,0.0,0.0,0.0,0.0,0.0,0.0,0.0,0.0,0.0,0.0,0.0,0.0,0.0,0.0,0.0,0.0,0.0,0.0,0.0,0.0,0.0,0.0,0.0,0.0,0.0,0.0,0.0,0.0
rno-miR-130b-5p,2.0,0.0,0.0,0.0,0.0,0.0,0.0,0.0,0.0,0.0,0.0,0.0,0.0,0.0,0.0,0.0,0.0,0.0,0.0,0.0,0.0,0.0,0.0,0.0,0.0,0.0,2.0,0.0,0.0,0.0,0.0,0.0,0.0,0.0,0.0,0.0,0.0,0.0,0.0
rno-miR-132-3p,45.0,35.0,19.0,44.0,17.0,0.0,2.0,2.0,44.0,33.0,13.0,21.0,7.0,3.0,3.0,14.0,28.0,28.0,31.0,5.0,43.0,0.0,2.0,0.0,17.0,2.0,44.0,16.0,27.0,18.0,5.0,4.0,0.0,25.0,44.0,2.0,4.0,0.0,2.0
rno-miR-132-5p,7.0,5.0,0.0,12.0,0.0,0.0,0.0,0.0,5.0,2.0,4.0,2.0,0.0,0.0,0.0,0.0,0.0,3.0,3.0,0.0,7.0,0.0,0.0,0.0,2.0,4.0,10.0,2.0,4.0,0.0,0.0,0.0,0.0,6.0,5.0,0.0,2.0,0.0,0.0
rno-miR-135a-5p,2.0,9.0,7.0,4.0,7.0,0.0,0.0,2.0,56.0,8.0,0.0,8.0,3.0,4.0,0.0,3.0,13.0,8.0,11.0,7.0,44.0,0.0,0.0,0.0,7.0,2.0,34.0,11.0,25.0,4.0,0.0,4.0,0.0,3.0,14.0,0.0,2.0,4.0,0.0
rno-miR-135b-5p,5.0,0.0,0.0,0.0,0.0,0.0,0.0,0.0,7.0,0.0,0.0,0.0,0.0,0.0,2.0,2.0,4.0,0.0,0.0,0.0,9.0,0.0,0.0,0.0,5.0,0.0,4.0,0.0,0.0,0.0,0.0,0.0,0.0,0.0,0.0,0.0,0.0,2.0,0.0
rno-miR-138-5p,4.0,6.0,0.0,74.0,36.0,0.0,4.0,0.0,56.0,2.0,5.0,4.0,4.0,5.0,2.0,10.0,2.0,3.0,5.0,16.0,13.0,9.0,0.0,0.0,0.0,0.0,10.0,7.0,22.0,8.0,0.0,6.0,0.0,10.0,13.0,2.0,28.0,18.0,0.0
rno-miR-140-3p,16.0,22.0,9.0,31.0,16.0,0.0,0.0,4.0,42.0,9.0,4.0,11.0,2.0,8.0,0.0,6.0,12.0,32.0,20.0,4.0,44.0,0.0,0.0,0.0,11.0,5.0,74.0,12.0,39.0,11.0,2.0,8.0,0.0,8.0,27.0,0.0,14.0,4.0,0.0
rno-miR-141-3p,2.0,0.0,0.0,2.0,2.0,0.0,0.0,0.0,0.0,0.0,0.0,0.0,0.0,0.0,0.0,3.0,0.0,0.0,0.0,0.0,4.0,0.0,0.0,0.0,0.0,0.0,0.0,0.0,3.0,0.0,2.0,2.0,0.0,0.0,14.0,0.0,0.0,4.0,0.0
rno-miR-142-5p,12.0,4.0,2.0,0.0,5.0,0.0,0.0,2.0,9.0,5.0,0.0,0.0,0.0,0.0,2.0,0.0,7.0,0.0,3.0,0.0,11.0,0.0,0.0,0.0,3.0,3.0,7.0,2.0,2.0,0.0,0.0,3.0,0.0,0.0,5.0,0.0,0.0,0.0,0.0
rno-miR-143-3p,33.0,16.0,8.0,70.0,87.0,0.0,2.0,8.0,48.0,5.0,0.0,3.0,14.0,11.0,3.0,6.0,5.0,11.0,42.0,7.0,105.0,2.0,0.0,0.0,21.0,8.0,33.0,39.0,155.0,17.0,2.0,42.0,0.0,8.0,106.0,4.0,18.0,19.0,3.0
rno-miR-144-5p,4.0,0.0,0.0,0.0,4.0,0.0,0.0,0.0,0.0,0.0,0.0,0.0,0.0,0.0,0.0,0.0,0.0,0.0,3.0,0.0,5.0,0.0,0.0,0.0,0.0,0.0,0.0,0.0,0.0,0.0,0.0,0.0,0.0,0.0,0.0,0.0,0.0,0.0,0.0
rno-miR-145-3p,7.0,0.0,0.0,6.0,4.0,0.0,0.0,0.0,0.0,0.0,0.0,0.0,0.0,0.0,6.0,2.0,0.0,0.0,5.0,0.0,2.0,0.0,0.0,0.0,0.0,0.0,4.0,0.0,4.0,0.0,0.0,0.0,0.0,0.0,6.0,0.0,0.0,0.0,2.0
rno-miR-145-5p,234.0,246.0,106.0,659.0,1247.0,26.0,31.0,234.0,447.0,157.0,239.0,145.0,184.0,236.0,153.0,132.0,310.0,121.0,645.0,164.0,1153.0,187.0,7.0,4.0,310.0,135.0,394.0,623.0,3385.0,375.0,88.0,739.0,30.0,171.0,630.0,73.0,495.0,301.0,158.0
rno-miR-146a-5p,7.0,14.0,0.0,62.0,55.0,0.0,0.0,7.0,34.0,9.0,4.0,2.0,6.0,5.0,4.0,6.0,5.0,13.0,34.0,21.0,119.0,9.0,0.0,0.0,15.0,6.0,26.0,25.0,76.0,9.0,0.0,16.0,2.0,2.0,41.0,3.0,5.0,37.0,9.0
rno-miR-146b-5p,50.0,45.0,32.0,52.0,7.0,3.0,2.0,4.0,67.0,13.0,14.0,12.0,17.0,10.0,0.0,26.0,29.0,13.0,30.0,13.0,86.0,3.0,0.0,0.0,35.0,9.0,65.0,41.0,54.0,16.0,5.0,0.0,2.0,24.0,53.0,2.0,2.0,17.0,2.0
rno-miR-148a-3p,5.0,0.0,3.0,18.0,44.0,0.0,2.0,6.0,2.0,0.0,4.0,4.0,2.0,19.0,19.0,5.0,0.0,0.0,3.0,0.0,62.0,4.0,0.0,0.0,3.0,0.0,4.0,4.0,9.0,0.0,0.0,4.0,0.0,0.0,26.0,0.0,17.0,35.0,6.0
rno-miR-150-3p,9.0,2.0,0.0,0.0,0.0,0.0,0.0,0.0,0.0,0.0,3.0,0.0,4.0,6.0,2.0,0.0,0.0,0.0,0.0,0.0,0.0,0.0,0.0,2.0,2.0,0.0,2.0,0.0,0.0,11.0,0.0,2.0,4.0,2.0,10.0,5.0,0.0,11.0,17.0
rno-miR-150-5p,7.0,2.0,3.0,59.0,65.0,2.0,7.0,8.0,32.0,2.0,11.0,2.0,2.0,9.0,0.0,18.0,14.0,0.0,35.0,14.0,65.0,16.0,0.0,3.0,3.0,7.0,23.0,28.0,79.0,0.0,10.0,25.0,0.0,4.0,23.0,2.0,4.0,21.0,5.0
rno-miR-151-5p,297.0,248.0,168.0,441.0,169.0,8.0,2.0,46.0,580.0,121.0,83.0,122.0,101.0,41.0,46.0,77.0,220.0,137.0,174.0,55.0,372.0,43.0,7.0,0.0,223.0,69.0,534.0,181.0,264.0,103.0,38.0,75.0,8.0,123.0,263.0,26.0,33.0,45.0,9.0
rno-miR-152-3p,2.0,5.0,0.0,36.0,25.0,0.0,0.0,2.0,16.0,3.0,2.0,5.0,6.0,0.0,0.0,2.0,6.0,0.0,7.0,2.0,22.0,0.0,0.0,0.0,3.0,2.0,20.0,14.0,38.0,4.0,0.0,3.0,0.0,2.0,10.0,0.0,5.0,5.0,4.0
rno-miR-15b-3p,33.0,8.0,19.0,35.0,12.0,0.0,0.0,0.0,48.0,8.0,2.0,5.0,7.0,4.0,0.0,2.0,17.0,10.0,4.0,0.0,15.0,0.0,0.0,0.0,31.0,6.0,29.0,15.0,17.0,14.0,0.0,5.0,0.0,8.0,17.0,0.0,0.0,4.0,0.0
rno-miR-15b-5p,155.0,30.0,65.0,138.0,88.0,25.0,5.0,75.0,211.0,69.0,164.0,117.0,24.0,42.0,18.0,73.0,53.0,67.0,126.0,10.0,269.0,56.0,13.0,0.0,23.0,105.0,327.0,25.0,41.0,25.0,9.0,113.0,7.0,39.0,64.0,2.0,134.0,33.0,3.0
rno-miR-16-3p,8.0,2.0,2.0,12.0,3.0,0.0,0.0,0.0,6.0,2.0,2.0,0.0,2.0,0.0,0.0,0.0,3.0,0.0,2.0,0.0,0.0,0.0,0.0,0.0,7.0,0.0,0.0,0.0,0.0,0.0,0.0,0.0,0.0,4.0,2.0,0.0,0.0,0.0,0.0
rno-miR-16-5p,2406.0,3724.0,1963.0,3080.0,1136.0,70.0,57.0,410.0,4007.0,1942.0,867.0,1342.0,650.0,338.0,332.0,735.0,2312.0,1460.0,1823.0,620.0,4696.0,240.0,61.0,7.0,1316.0,487.0,4299.0,1780.0,2100.0,671.0,126.0,586.0,57.0,1214.0,2313.0,135.0,284.0,251.0,103.0
rno-miR-17-1-3p,7.0,0.0,2.0,3.0,3.0,0.0,0.0,0.0,8.0,0.0,0.0,0.0,2.0,0.0,0.0,2.0,0.0,2.0,3.0,3.0,3.0,0.0,0.0,0.0,8.0,0.0,5.0,9.0,2.0,0.0,0.0,0.0,0.0,2.0,6.0,0.0,0.0,2.0,0.0
rno-miR-17-2-3p,2.0,0.0,0.0,0.0,0.0,0.0,0.0,0.0,0.0,2.0,0.0,0.0,0.0,0.0,0.0,0.0,0.0,0.0,0.0,0.0,0.0,0.0,0.0,0.0,0.0,0.0,0.0,0.0,0.0,0.0,0.0,0.0,0.0,0.0,0.0,0.0,0.0,0.0,0.0
rno-miR-17-5p,111.0,152.0,106.0,162.0,58.0,4.0,0.0,7.0,212.0,72.0,73.0,49.0,40.0,3.0,14.0,30.0,82.0,67.0,39.0,14.0,75.0,8.0,0.0,0.0,118.0,21.0,195.0,99.0,61.0,44.0,0.0,9.0,0.0,43.0,121.0,0.0,5.0,12.0,6.0
rno-miR-181a-5p,35.0,13.0,0.0,44.0,54.0,2.0,0.0,2.0,27.0,0.0,79.0,3.0,11.0,10.0,2.0,7.0,4.0,2.0,24.0,2.0,42.0,2.0,2.0,0.0,10.0,12.0,14.0,23.0,54.0,113.0,4.0,18.0,16.0,11.0,79.0,5.0,50.0,66.0,42.0
rno-miR-181b-5p,4.0,0.0,2.0,7.0,7.0,0.0,0.0,0.0,8.0,0.0,0.0,0.0,0.0,2.0,2.0,0.0,0.0,0.0,21.0,2.0,5.0,3.0,0.0,0.0,0.0,0.0,0.0,3.0,11.0,6.0,4.0,2.0,0.0,0.0,2.0,0.0,3.0,4.0,0.0
rno-miR-182,2.0,0.0,0.0,0.0,2.0,0.0,0.0,2.0,0.0,0.0,0.0,2.0,0.0,0.0,0.0,5.0,4.0,0.0,0.0,0.0,21.0,4.0,0.0,0.0,2.0,0.0,3.0,6.0,0.0,2.0,3.0,4.0,0.0,0.0,11.0,0.0,2.0,7.0,0.0
rno-miR-183-5p,2.0,0.0,0.0,6.0,2.0,0.0,0.0,0.0,4.0,0.0,0.0,0.0,0.0,0.0,0.0,0.0,0.0,0.0,0.0,6.0,16.0,7.0,0.0,0.0,0.0,0.0,0.0,4.0,2.0,0.0,0.0,0.0,0.0,0.0,11.0,0.0,2.0,2.0,0.0
rno-miR-1839-5p,7.0,2.0,2.0,2.0,0.0,0.0,0.0,0.0,6.0,0.0,0.0,0.0,0.0,8.0,3.0,0.0,0.0,0.0,13.0,0.0,7.0,0.0,0.0,0.0,0.0,0.0,2.0,2.0,0.0,4.0,2.0,0.0,0.0,2.0,7.0,0.0,0.0,0.0,0.0
rno-miR-185-5p,6.0,0.0,4.0,22.0,20.0,0.0,0.0,6.0,14.0,0.0,0.0,5.0,5.0,4.0,2.0,3.0,8.0,3.0,15.0,6.0,21.0,2.0,2.0,0.0,7.0,5.0,19.0,22.0,34.0,6.0,2.0,4.0,0.0,4.0,9.0,0.0,0.0,9.0,4.0
rno-miR-186-5p,9.0,4.0,8.0,28.0,12.0,0.0,0.0,2.0,19.0,8.0,9.0,0.0,6.0,0.0,0.0,2.0,3.0,5.0,4.0,0.0,6.0,0.0,0.0,0.0,8.0,10.0,2.0,12.0,27.0,3.0,0.0,2.0,0.0,8.0,16.0,3.0,4.0,6.0,0.0
rno-miR-18a-5p,68.0,90.0,38.0,92.0,50.0,4.0,0.0,6.0,176.0,37.0,6.0,19.0,23.0,11.0,10.0,24.0,51.0,49.0,29.0,10.0,101.0,2.0,0.0,0.0,49.0,12.0,129.0,33.0,52.0,18.0,3.0,12.0,0.0,23.0,101.0,0.0,0.0,10.0,8.0
rno-miR-190b-5p,18.0,0.0,0.0,0.0,0.0,0.0,0.0,0.0,2.0,0.0,0.0,3.0,9.0,0.0,0.0,0.0,0.0,2.0,0.0,0.0,5.0,0.0,0.0,0.0,8.0,0.0,3.0,2.0,0.0,2.0,0.0,0.0,0.0,3.0,9.0,0.0,0.0,0.0,0.0
rno-miR-191a-3p,4.0,4.0,5.0,11.0,3.0,0.0,0.0,0.0,8.0,2.0,3.0,0.0,0.0,5.0,0.0,0.0,7.0,0.0,3.0,0.0,12.0,0.0,2.0,0.0,8.0,0.0,13.0,2.0,7.0,0.0,0.0,0.0,0.0,7.0,6.0,0.0,0.0,2.0,0.0
rno-miR-191a-5p,2286.0,1953.0,1164.0,1974.0,1052.0,801.0,106.0,344.0,3430.0,917.0,1985.0,847.0,629.0,346.0,260.0,422.0,2320.0,903.0,1836.0,359.0,2640.0,465.0,146.0,10.0,1502.0,1507.0,3040.0,1367.0,2102.0,863.0,181.0,486.0,186.0,875.0,1612.0,100.0,551.0,298.0,80.0
rno-miR-194-5p,2.0,0.0,0.0,0.0,2.0,0.0,0.0,0.0,2.0,2.0,0.0,0.0,0.0,0.0,0.0,0.0,0.0,0.0,2.0,0.0,4.0,2.0,0.0,0.0,2.0,0.0,4.0,6.0,0.0,6.0,0.0,0.0,0.0,0.0,0.0,0.0,0.0,0.0,0.0
rno-miR-195-5p,16.0,13.0,4.0,103.0,83.0,0.0,0.0,11.0,53.0,0.0,8.0,6.0,2.0,2.0,11.0,7.0,3.0,2.0,24.0,9.0,64.0,9.0,0.0,0.0,2.0,6.0,29.0,48.0,173.0,4.0,7.0,20.0,0.0,2.0,26.0,0.0,4.0,2.0,7.0
rno-miR-196a-5p,4.0,2.0,0.0,2.0,9.0,0.0,0.0,0.0,2.0,0.0,0.0,0.0,0.0,2.0,2.0,0.0,0.0,2.0,8.0,0.0,3.0,2.0,0.0,0.0,0.0,0.0,0.0,4.0,17.0,0.0,0.0,2.0,0.0,0.0,6.0,0.0,0.0,4.0,0.0
rno-miR-199a-3p,6.0,18.0,2.0,26.0,36.0,0.0,0.0,6.0,52.0,7.0,8.0,6.0,14.0,2.0,2.0,2.0,11.0,10.0,46.0,31.0,99.0,10.0,2.0,0.0,0.0,0.0,21.0,26.0,131.0,8.0,0.0,11.0,0.0,22.0,48.0,18.0,19.0,17.0,6.0
rno-miR-19a-3p,160.0,128.0,125.0,301.0,114.0,3.0,20.0,21.0,311.0,103.0,47.0,85.0,93.0,21.0,32.0,67.0,79.0,137.0,134.0,25.0,239.0,16.0,4.0,0.0,222.0,62.0,340.0,116.0,158.0,77.0,11.0,37.0,4.0,55.0,275.0,2.0,4.0,34.0,2.0
rno-miR-19b-3p,1426.0,710.0,632.0,1569.0,810.0,107.0,18.0,207.0,2048.0,628.0,817.0,515.0,636.0,212.0,245.0,404.0,650.0,1093.0,1257.0,240.0,1959.0,165.0,56.0,0.0,1557.0,520.0,2205.0,786.0,1333.0,772.0,47.0,289.0,30.0,360.0,2106.0,18.0,201.0,301.0,41.0
rno-miR-200a-3p,6.0,0.0,0.0,45.0,27.0,0.0,2.0,10.0,18.0,0.0,0.0,9.0,2.0,7.0,14.0,8.0,0.0,0.0,28.0,8.0,72.0,17.0,3.0,0.0,4.0,0.0,18.0,17.0,27.0,21.0,0.0,23.0,0.0,5.0,111.0,0.0,11.0,85.0,3.0
rno-miR-200b-3p,38.0,16.0,12.0,163.0,82.0,0.0,6.0,32.0,68.0,18.0,19.0,45.0,22.0,51.0,31.0,38.0,25.0,16.0,147.0,43.0,355.0,62.0,6.0,0.0,11.0,10.0,91.0,62.0,157.0,102.0,38.0,109.0,4.0,27.0,193.0,13.0,29.0,132.0,21.0
rno-miR-200c-3p,135.0,134.0,63.0,241.0,88.0,2.0,8.0,28.0,236.0,50.0,46.0,109.0,88.0,50.0,24.0,76.0,156.0,96.0,216.0,57.0,454.0,55.0,5.0,2.0,99.0,38.0,213.0,120.0,195.0,129.0,44.0,100.0,2.0,105.0,253.0,43.0,23.0,123.0,19.0
rno-miR-201-5p,4.0,2.0,0.0,14.0,38.0,0.0,0.0,7.0,2.0,4.0,0.0,5.0,0.0,8.0,2.0,15.0,0.0,8.0,13.0,0.0,18.0,0.0,0.0,0.0,0.0,0.0,0.0,3.0,3.0,7.0,0.0,6.0,0.0,0.0,35.0,0.0,11.0,27.0,2.0
rno-miR-202-5p,8.0,25.0,0.0,57.0,422.0,0.0,2.0,10.0,11.0,0.0,0.0,2.0,4.0,29.0,0.0,8.0,0.0,0.0,0.0,0.0,22.0,0.0,0.0,0.0,4.0,10.0,17.0,0.0,18.0,7.0,0.0,29.0,0.0,0.0,8.0,0.0,2.0,11.0,6.0
rno-miR-203a-3p,85.0,24.0,41.0,19.0,37.0,0.0,6.0,10.0,50.0,8.0,5.0,20.0,6.0,58.0,34.0,22.0,17.0,2.0,8.0,3.0,60.0,7.0,0.0,0.0,10.0,2.0,48.0,10.0,39.0,15.0,5.0,24.0,2.0,6.0,34.0,4.0,13.0,48.0,10.0
rno-miR-204-5p,145.0,42.0,40.0,88.0,70.0,2.0,0.0,13.0,179.0,46.0,16.0,29.0,43.0,10.0,0.0,8.0,56.0,47.0,60.0,14.0,77.0,15.0,0.0,0.0,69.0,18.0,83.0,29.0,104.0,26.0,4.0,8.0,18.0,37.0,86.0,17.0,3.0,10.0,2.0
rno-miR-205,27.0,10.0,34.0,33.0,36.0,0.0,9.0,7.0,32.0,4.0,15.0,38.0,6.0,51.0,32.0,23.0,14.0,3.0,58.0,18.0,133.0,68.0,0.0,0.0,24.0,4.0,27.0,16.0,89.0,74.0,14.0,61.0,2.0,7.0,120.0,0.0,47.0,130.0,11.0
rno-miR-20a-5p,635.0,290.0,296.0,582.0,106.0,19.0,4.0,47.0,1208.0,270.0,146.0,202.0,167.0,62.0,66.0,98.0,262.0,277.0,269.0,50.0,303.0,51.0,18.0,0.0,449.0,100.0,900.0,224.0,388.0,190.0,5.0,41.0,6.0,168.0,536.0,17.0,13.0,69.0,12.0
rno-miR-20b-5p,7.0,0.0,0.0,0.0,0.0,0.0,0.0,0.0,4.0,0.0,0.0,0.0,0.0,0.0,0.0,0.0,2.0,0.0,0.0,0.0,4.0,0.0,0.0,0.0,0.0,2.0,4.0,0.0,2.0,0.0,0.0,0.0,0.0,0.0,2.0,0.0,0.0,0.0,0.0
rno-miR-21-5p,99.0,39.0,16.0,140.0,236.0,2.0,19.0,25.0,201.0,22.0,36.0,46.0,42.0,30.0,53.0,25.0,59.0,37.0,112.0,7.0,255.0,44.0,0.0,0.0,165.0,32.0,128.0,62.0,103.0,61.0,2.0,71.0,0.0,32.0,309.0,2.0,64.0,213.0,17.0
rno-miR-210-3p,2.0,0.0,0.0,0.0,2.0,0.0,0.0,0.0,2.0,0.0,0.0,2.0,0.0,0.0,0.0,0.0,0.0,0.0,0.0,0.0,4.0,3.0,0.0,0.0,0.0,0.0,0.0,0.0,4.0,3.0,0.0,4.0,0.0,0.0,4.0,0.0,19.0,6.0,0.0
rno-miR-212-3p,12.0,6.0,4.0,8.0,0.0,3.0,0.0,0.0,24.0,2.0,6.0,0.0,0.0,2.0,0.0,0.0,4.0,0.0,10.0,3.0,8.0,0.0,0.0,0.0,5.0,0.0,12.0,4.0,8.0,5.0,0.0,10.0,0.0,7.0,7.0,0.0,0.0,0.0,0.0
rno-miR-214-3p,4.0,12.0,0.0,7.0,9.0,0.0,6.0,3.0,49.0,5.0,18.0,4.0,6.0,0.0,5.0,4.0,12.0,4.0,30.0,13.0,50.0,22.0,0.0,0.0,3.0,0.0,21.0,21.0,326.0,10.0,10.0,6.0,0.0,0.0,2.0,4.0,18.0,2.0,2.0
rno-miR-22-3p,59.0,6.0,9.0,52.0,187.0,0.0,14.0,90.0,108.0,9.0,28.0,20.0,29.0,77.0,66.0,18.0,14.0,17.0,102.0,13.0,333.0,79.0,2.0,0.0,88.0,14.0,68.0,45.0,209.0,69.0,2.0,115.0,0.0,37.0,151.0,2.0,142.0,125.0,21.0
rno-miR-22-5p,16.0,3.0,6.0,8.0,21.0,0.0,0.0,2.0,18.0,5.0,5.0,5.0,14.0,3.0,0.0,2.0,8.0,6.0,6.0,0.0,10.0,2.0,2.0,0.0,25.0,4.0,23.0,8.0,17.0,5.0,2.0,3.0,0.0,7.0,22.0,2.0,2.0,0.0,0.0
rno-miR-221-3p,6.0,8.0,3.0,57.0,84.0,0.0,3.0,23.0,17.0,5.0,15.0,22.0,2.0,34.0,32.0,32.0,8.0,11.0,58.0,16.0,125.0,36.0,8.0,0.0,7.0,2.0,12.0,26.0,50.0,35.0,11.0,72.0,0.0,5.0,87.0,9.0,93.0,52.0,9.0
rno-miR-223-3p,4.0,9.0,14.0,130.0,193.0,0.0,15.0,12.0,33.0,5.0,8.0,12.0,0.0,18.0,5.0,13.0,19.0,4.0,40.0,33.0,119.0,25.0,0.0,0.0,3.0,14.0,34.0,47.0,190.0,8.0,3.0,33.0,0.0,4.0,15.0,0.0,16.0,33.0,2.0
rno-miR-23a-3p,133.0,44.0,49.0,462.0,387.0,7.0,35.0,71.0,362.0,32.0,77.0,78.0,61.0,82.0,48.0,56.0,118.0,62.0,268.0,76.0,441.0,97.0,12.0,4.0,59.0,51.0,181.0,263.0,890.0,106.0,41.0,128.0,4.0,48.0,195.0,35.0,146.0,145.0,42.0
rno-miR-23b-3p,106.0,42.0,66.0,360.0,276.0,3.0,1.0,41.0,153.0,59.0,35.0,48.0,40.0,31.0,26.0,36.0,57.0,55.0,61.0,48.0,219.0,28.0,0.0,0.0,67.0,21.0,146.0,149.0,165.0,40.0,16.0,57.0,4.0,31.0,115.0,15.0,34.0,65.0,14.0
rno-miR-24-3p,47.0,17.0,16.0,282.0,213.0,8.0,21.0,36.0,191.0,10.0,75.0,19.0,19.0,20.0,23.0,24.0,50.0,27.0,155.0,23.0,207.0,60.0,5.0,2.0,30.0,21.0,125.0,113.0,559.0,43.0,12.0,80.0,5.0,11.0,111.0,15.0,143.0,81.0,18.0
rno-miR-25-3p,68.0,37.0,35.0,89.0,60.0,5.0,0.0,26.0,97.0,37.0,25.0,61.0,42.0,20.0,11.0,12.0,74.0,29.0,56.0,14.0,104.0,10.0,0.0,2.0,80.0,23.0,72.0,40.0,38.0,39.0,13.0,30.0,0.0,52.0,67.0,2.0,39.0,46.0,2.0
rno-miR-26a-5p,443.0,398.0,208.0,987.0,721.0,7.0,8.0,71.0,794.0,192.0,156.0,211.0,179.0,117.0,49.0,100.0,301.0,165.0,291.0,133.0,743.0,65.0,4.0,3.0,338.0,90.0,690.0,562.0,687.0,174.0,22.0,118.0,14.0,249.0,524.0,53.0,73.0,160.0,37.0
rno-miR-26b-5p,52.0,18.0,23.0,99.0,34.0,0.0,0.0,9.0,65.0,17.0,10.0,13.0,17.0,3.0,0.0,2.0,25.0,19.0,42.0,17.0,44.0,2.0,0.0,0.0,29.0,5.0,47.0,28.0,44.0,19.0,3.0,5.0,2.0,26.0,67.0,7.0,0.0,13.0,7.0
rno-miR-27a-3p,6.0,4.0,0.0,60.0,57.0,0.0,4.0,6.0,19.0,0.0,8.0,3.0,2.0,10.0,5.0,7.0,0.0,0.0,11.0,5.0,28.0,3.0,2.0,0.0,0.0,2.0,14.0,23.0,39.0,3.0,2.0,14.0,0.0,2.0,26.0,0.0,29.0,21.0,3.0
rno-miR-27b-3p,33.0,21.0,14.0,116.0,64.0,0.0,0.0,9.0,38.0,6.0,9.0,9.0,11.0,8.0,7.0,6.0,11.0,13.0,22.0,2.0,42.0,11.0,2.0,0.0,20.0,6.0,28.0,31.0,50.0,9.0,2.0,24.0,0.0,9.0,59.0,5.0,22.0,37.0,1.0
rno-miR-28-3p,19.0,18.0,16.0,27.0,4.0,0.0,0.0,7.0,22.0,20.0,2.0,4.0,7.0,3.0,0.0,9.0,24.0,7.0,5.0,5.0,27.0,6.0,0.0,0.0,11.0,2.0,37.0,20.0,13.0,6.0,0.0,3.0,0.0,13.0,11.0,6.0,0.0,0.0,2.0
rno-miR-28-5p,9.0,5.0,0.0,12.0,3.0,0.0,0.0,4.0,12.0,0.0,4.0,2.0,2.0,0.0,0.0,0.0,0.0,4.0,3.0,0.0,8.0,0.0,2.0,0.0,11.0,4.0,21.0,2.0,11.0,5.0,0.0,3.0,0.0,2.0,9.0,0.0,0.0,0.0,0.0
rno-miR-292-5p,2.0,0.0,0.0,0.0,0.0,0.0,0.0,0.0,2.0,2.0,0.0,0.0,0.0,0.0,0.0,0.0,0.0,0.0,0.0,0.0,0.0,0.0,0.0,0.0,0.0,2.0,0.0,0.0,0.0,0.0,0.0,0.0,0.0,0.0,0.0,0.0,0.0,0.0,0.0
rno-miR-296-5p,66.0,59.0,31.0,137.0,17.0,12.0,23.0,25.0,144.0,36.0,23.0,62.0,31.0,56.0,34.0,28.0,83.0,55.0,43.0,23.0,93.0,23.0,3.0,0.0,31.0,16.0,138.0,107.0,122.0,79.0,13.0,58.0,2.0,13.0,98.0,10.0,20.0,13.0,14.0
rno-miR-298-3p,2.0,2.0,0.0,0.0,0.0,0.0,0.0,0.0,2.0,0.0,0.0,0.0,0.0,0.0,0.0,0.0,0.0,0.0,0.0,0.0,0.0,0.0,0.0,0.0,2.0,0.0,0.0,0.0,2.0,2.0,0.0,0.0,0.0,0.0,0.0,0.0,0.0,0.0,0.0
rno-miR-298-5p,19.0,3.0,8.0,16.0,4.0,2.0,0.0,0.0,12.0,10.0,5.0,4.0,6.0,3.0,3.0,0.0,8.0,11.0,0.0,0.0,0.0,0.0,0.0,0.0,7.0,0.0,6.0,4.0,3.0,6.0,0.0,0.0,0.0,3.0,5.0,0.0,2.0,6.0,0.0
rno-miR-29a-3p,114.0,30.0,67.0,286.0,394.0,0.0,15.0,93.0,221.0,62.0,86.0,112.0,54.0,77.0,61.0,75.0,35.0,120.0,120.0,37.0,203.0,76.0,6.0,0.0,94.0,31.0,212.0,144.0,225.0,105.0,26.0,135.0,6.0,58.0,395.0,4.0,141.0,228.0,44.0
rno-miR-29b-3p,7.0,2.0,0.0,21.0,17.0,0.0,4.0,4.0,24.0,0.0,0.0,0.0,0.0,6.0,1.0,22.0,0.0,2.0,10.0,0.0,16.0,9.0,0.0,0.0,2.0,7.0,29.0,0.0,12.0,2.0,0.0,12.0,0.0,0.0,22.0,6.0,0.0,6.0,0.0
rno-miR-29c-3p,2.0,0.0,0.0,12.0,2.0,0.0,0.0,1.0,6.0,2.0,2.0,0.0,2.0,3.0,3.0,7.0,0.0,5.0,0.0,0.0,15.0,1.0,0.0,0.0,0.0,0.0,7.0,2.0,13.0,0.0,0.0,8.0,0.0,0.0,2.0,0.0,5.0,4.0,0.0
rno-miR-301a-5p,2.0,0.0,0.0,0.0,0.0,0.0,0.0,0.0,0.0,0.0,0.0,0.0,0.0,0.0,0.0,0.0,0.0,0.0,0.0,0.0,0.0,0.0,0.0,0.0,0.0,0.0,0.0,0.0,0.0,0.0,0.0,0.0,0.0,0.0,0.0,0.0,0.0,0.0,0.0
rno-miR-30a-3p,11.0,20.0,8.0,17.0,7.0,0.0,0.0,8.0,38.0,7.0,21.0,6.0,0.0,10.0,3.0,7.0,8.0,12.0,11.0,8.0,23.0,4.0,0.0,0.0,6.0,6.0,19.0,10.0,12.0,3.0,0.0,0.0,0.0,7.0,24.0,8.0,6.0,7.0,2.0
rno-miR-30a-5p,94.0,43.0,36.0,264.0,297.0,0.0,0.0,42.0,131.0,54.0,31.0,63.0,31.0,44.0,25.0,35.0,47.0,46.0,92.0,36.0,214.0,35.0,2.0,0.0,63.0,24.0,123.0,108.0,222.0,52.0,8.0,50.0,0.0,43.0,226.0,10.0,72.0,117.0,13.0
rno-miR-30c-2-3p,4.0,0.0,0.0,2.0,0.0,0.0,0.0,0.0,4.0,0.0,0.0,0.0,0.0,0.0,0.0,0.0,0.0,0.0,4.0,0.0,2.0,0.0,0.0,0.0,5.0,0.0,0.0,0.0,2.0,0.0,0.0,0.0,0.0,3.0,0.0,0.0,0.0,0.0,0.0
rno-miR-30c-5p,642.0,446.0,330.0,1128.0,411.0,14.0,17.0,92.0,622.0,264.0,107.0,301.0,287.0,152.0,45.0,165.0,273.0,323.0,516.0,219.0,1064.0,70.0,20.0,3.0,374.0,99.0,719.0,432.0,530.0,307.0,94.0,142.0,21.0,124.0,685.0,11.0,27.0,154.0,33.0
rno-miR-30d-5p,402.0,208.0,291.0,1063.0,706.0,34.0,25.0,162.0,818.0,289.0,252.0,345.0,148.0,209.0,108.0,152.0,323.0,277.0,521.0,169.0,856.0,242.0,21.0,3.0,333.0,159.0,613.0,393.0,881.0,266.0,36.0,244.0,29.0,205.0,639.0,79.0,252.0,258.0,71.0
rno-miR-30e-3p,13.0,5.0,6.0,7.0,0.0,0.0,0.0,0.0,5.0,0.0,0.0,3.0,7.0,0.0,0.0,0.0,11.0,10.0,4.0,2.0,8.0,0.0,0.0,0.0,6.0,0.0,17.0,9.0,0.0,0.0,3.0,0.0,0.0,2.0,16.0,0.0,2.0,1.0,0.0
rno-miR-30e-5p,49.0,27.0,27.0,82.0,44.0,0.0,0.0,0.0,68.0,24.0,14.0,22.0,19.0,6.0,5.0,12.0,22.0,27.0,23.0,9.0,78.0,4.0,0.0,0.0,38.0,7.0,57.0,37.0,51.0,21.0,0.0,25.0,0.0,4.0,81.0,0.0,7.0,13.0,2.0
rno-miR-31a-3p,2.0,0.0,2.0,3.0,4.0,0.0,0.0,0.0,5.0,2.0,0.0,0.0,0.0,0.0,0.0,0.0,2.0,0.0,0.0,0.0,6.0,0.0,0.0,0.0,6.0,0.0,6.0,0.0,2.0,0.0,0.0,0.0,0.0,0.0,7.0,0.0,0.0,2.0,0.0
rno-miR-32-3p,2.0,0.0,0.0,3.0,0.0,0.0,0.0,0.0,0.0,0.0,0.0,0.0,0.0,0.0,0.0,0.0,0.0,0.0,0.0,0.0,0.0,0.0,0.0,0.0,2.0,0.0,4.0,0.0,4.0,0.0,0.0,0.0,0.0,0.0,0.0,0.0,0.0,0.0,0.0
rno-miR-320-3p,11.0,7.0,2.0,32.0,26.0,8.0,4.0,10.0,30.0,5.0,18.0,2.0,2.0,14.0,5.0,10.0,6.0,4.0,35.0,12.0,53.0,22.0,7.0,3.0,6.0,2.0,18.0,42.0,126.0,6.0,2.0,11.0,2.0,2.0,3.0,3.0,15.0,2.0,2.0
rno-miR-324-3p,5.0,0.0,4.0,7.0,11.0,0.0,0.0,0.0,12.0,6.0,11.0,0.0,3.0,0.0,0.0,0.0,5.0,0.0,13.0,0.0,2.0,0.0,0.0,0.0,14.0,6.0,14.0,2.0,5.0,0.0,0.0,0.0,0.0,4.0,16.0,0.0,7.0,3.0,0.0
rno-miR-324-5p,13.0,2.0,14.0,5.0,11.0,0.0,0.0,0.0,8.0,2.0,2.0,0.0,2.0,0.0,0.0,2.0,0.0,2.0,2.0,0.0,3.0,0.0,2.0,0.0,3.0,2.0,2.0,8.0,8.0,0.0,0.0,4.0,0.0,0.0,6.0,2.0,6.0,0.0,0.0
rno-miR-33-3p,2.0,0.0,0.0,0.0,2.0,0.0,0.0,0.0,0.0,0.0,0.0,0.0,0.0,0.0,0.0,0.0,0.0,0.0,0.0,0.0,0.0,0.0,0.0,0.0,2.0,0.0,0.0,0.0,0.0,0.0,0.0,0.0,0.0,0.0,0.0,0.0,0.0,0.0,0.0
rno-miR-340-5p,6.0,4.0,4.0,10.0,8.0,0.0,0.0,0.0,16.0,2.0,2.0,0.0,4.0,2.0,0.0,0.0,0.0,11.0,4.0,2.0,3.0,2.0,0.0,0.0,23.0,5.0,13.0,8.0,5.0,3.0,0.0,0.0,0.0,8.0,40.0,0.0,0.0,7.0,0.0
rno-miR-342-3p,71.0,50.0,22.0,60.0,17.0,8.0,0.0,11.0,94.0,27.0,44.0,26.0,5.0,17.0,6.0,10.0,38.0,13.0,32.0,21.0,103.0,7.0,2.0,0.0,18.0,19.0,76.0,51.0,67.0,10.0,9.0,16.0,2.0,11.0,26.0,4.0,14.0,2.0,0.0
rno-miR-345-5p,8.0,0.0,2.0,22.0,17.0,0.0,0.0,0.0,43.0,8.0,15.0,8.0,5.0,0.0,5.0,0.0,9.0,3.0,6.0,2.0,32.0,7.0,0.0,0.0,11.0,2.0,24.0,13.0,14.0,16.0,0.0,0.0,0.0,5.0,17.0,0.0,9.0,8.0,0.0
rno-miR-34a-5p,11.0,39.0,7.0,102.0,160.0,0.0,0.0,13.0,29.0,7.0,2.0,11.0,5.0,11.0,4.0,6.0,4.0,4.0,17.0,5.0,51.0,2.0,3.0,2.0,4.0,6.0,6.0,7.0,29.0,10.0,2.0,34.0,0.0,2.0,29.0,8.0,21.0,27.0,0.0
rno-miR-34b-3p,5731.0,1496.0,1308.0,2523.0,823.0,196.0,64.0,294.0,3663.0,995.0,1579.0,921.0,1586.0,363.0,283.0,507.0,2642.0,1233.0,2575.0,300.0,2818.0,375.0,41.0,7.0,3501.0,865.0,2698.0,1954.0,2185.0,2220.0,155.0,277.0,190.0,1915.0,3524.0,101.0,221.0,429.0,149.0
rno-miR-34b-5p,373.0,383.0,177.0,379.0,395.0,10.0,13.0,53.0,621.0,114.0,82.0,73.0,107.0,58.0,157.0,137.0,197.0,221.0,192.0,28.0,317.0,41.0,4.0,0.0,299.0,61.0,653.0,200.0,304.0,145.0,2.0,127.0,5.0,151.0,687.0,7.0,64.0,135.0,28.0
rno-miR-34c-3p,1119.0,909.0,402.0,713.0,230.0,73.0,13.0,56.0,609.0,354.0,669.0,235.0,296.0,56.0,52.0,52.0,944.0,298.0,421.0,72.0,696.0,17.0,8.0,0.0,776.0,232.0,776.0,739.0,379.0,370.0,43.0,67.0,34.0,530.0,578.0,22.0,53.0,52.0,16.0
rno-miR-34c-5p,1065.0,1463.0,762.0,1472.0,665.0,34.0,23.0,142.0,2522.0,461.0,384.0,442.0,386.0,187.0,311.0,311.0,927.0,936.0,694.0,109.0,1354.0,97.0,13.0,2.0,942.0,189.0,2660.0,727.0,995.0,576.0,39.0,352.0,16.0,420.0,1661.0,22.0,285.0,339.0,76.0
rno-miR-350,34.0,11.0,12.0,28.0,8.0,0.0,0.0,0.0,27.0,13.0,10.0,9.0,20.0,0.0,0.0,5.0,6.0,6.0,14.0,5.0,5.0,0.0,2.0,0.0,27.0,9.0,11.0,9.0,7.0,12.0,3.0,4.0,0.0,9.0,44.0,0.0,2.0,5.0,0.0
rno-miR-3551-3p,6.0,0.0,3.0,5.0,2.0,0.0,0.0,0.0,4.0,2.0,0.0,0.0,5.0,0.0,0.0,0.0,0.0,5.0,3.0,0.0,0.0,0.0,0.0,0.0,6.0,0.0,9.0,0.0,0.0,4.0,2.0,4.0,0.0,4.0,14.0,0.0,0.0,11.0,2.0
rno-miR-3551-5p,2.0,3.0,4.0,2.0,0.0,0.0,0.0,0.0,16.0,0.0,6.0,0.0,0.0,0.0,0.0,2.0,0.0,0.0,3.0,0.0,0.0,0.0,0.0,0.0,4.0,0.0,6.0,2.0,2.0,0.0,0.0,0.0,0.0,0.0,6.0,0.0,0.0,0.0,0.0
rno-miR-3559-5p,5.0,0.0,0.0,0.0,0.0,0.0,0.0,0.0,0.0,0.0,0.0,0.0,0.0,0.0,0.0,0.0,0.0,0.0,0.0,0.0,0.0,0.0,0.0,0.0,0.0,0.0,0.0,0.0,0.0,0.0,0.0,2.0,0.0,0.0,0.0,0.0,0.0,0.0,0.0
rno-miR-3580-3p,585.0,343.0,224.0,500.0,103.0,6.0,6.0,46.0,644.0,178.0,94.0,117.0,141.0,62.0,39.0,90.0,267.0,139.0,208.0,66.0,241.0,40.0,13.0,2.0,219.0,88.0,457.0,186.0,251.0,170.0,43.0,64.0,19.0,147.0,199.0,28.0,13.0,31.0,12.0
rno-miR-3596a,9.0,3.0,2.0,6.0,3.0,0.0,6.0,0.0,0.0,2.0,2.0,0.0,2.0,2.0,0.0,3.0,0.0,0.0,18.0,0.0,0.0,3.0,0.0,0.0,0.0,2.0,0.0,2.0,2.0,35.0,3.0,0.0,6.0,4.0,9.0,0.0,0.0,10.0,9.0
rno-miR-361-5p,10.0,2.0,0.0,0.0,0.0,0.0,0.0,0.0,0.0,0.0,0.0,2.0,0.0,0.0,0.0,0.0,0.0,0.0,0.0,2.0,7.0,0.0,0.0,0.0,0.0,0.0,0.0,0.0,3.0,0.0,0.0,0.0,0.0,0.0,0.0,0.0,0.0,5.0,0.0
rno-miR-365-3p,3.0,4.0,5.0,82.0,35.0,2.0,3.0,7.0,21.0,7.0,4.0,5.0,2.0,0.0,2.0,6.0,3.0,5.0,13.0,14.0,39.0,10.0,2.0,0.0,2.0,0.0,19.0,23.0,39.0,14.0,0.0,3.0,0.0,3.0,10.0,2.0,0.0,8.0,2.0
rno-miR-375-3p,336.0,87.0,73.0,188.0,97.0,190.0,4.0,50.0,397.0,89.0,505.0,148.0,137.0,40.0,37.0,85.0,268.0,90.0,243.0,54.0,369.0,28.0,49.0,0.0,372.0,381.0,302.0,156.0,263.0,168.0,27.0,58.0,58.0,204.0,380.0,33.0,119.0,65.0,16.0
rno-miR-423-5p,10.0,7.0,2.0,37.0,16.0,0.0,2.0,10.0,17.0,2.0,2.0,2.0,0.0,7.0,8.0,0.0,0.0,6.0,12.0,2.0,43.0,7.0,0.0,0.0,7.0,4.0,13.0,21.0,28.0,6.0,7.0,13.0,2.0,2.0,6.0,8.0,5.0,2.0,0.0
rno-miR-425-3p,2.0,0.0,2.0,0.0,0.0,0.0,0.0,2.0,0.0,0.0,0.0,0.0,0.0,0.0,0.0,0.0,2.0,0.0,0.0,0.0,2.0,0.0,0.0,0.0,0.0,0.0,0.0,0.0,0.0,0.0,0.0,0.0,0.0,0.0,0.0,0.0,0.0,0.0,0.0
rno-miR-425-5p,478.0,365.0,208.0,664.0,266.0,30.0,24.0,175.0,964.0,147.0,197.0,295.0,186.0,139.0,115.0,157.0,693.0,237.0,594.0,95.0,1436.0,85.0,12.0,2.0,603.0,106.0,1268.0,357.0,782.0,355.0,38.0,285.0,16.0,246.0,541.0,13.0,86.0,109.0,30.0
rno-miR-429,8.0,7.0,2.0,50.0,47.0,3.0,2.0,33.0,31.0,4.0,7.0,15.0,9.0,18.0,18.0,21.0,7.0,7.0,44.0,7.0,104.0,23.0,6.0,3.0,6.0,6.0,27.0,18.0,27.0,32.0,6.0,34.0,4.0,6.0,108.0,0.0,23.0,68.0,6.0
rno-miR-433-3p,2.0,0.0,0.0,0.0,0.0,0.0,0.0,2.0,0.0,0.0,0.0,0.0,0.0,0.0,0.0,0.0,0.0,0.0,0.0,0.0,0.0,0.0,0.0,0.0,0.0,0.0,0.0,0.0,0.0,0.0,0.0,0.0,0.0,0.0,0.0,0.0,0.0,0.0,0.0
rno-miR-434-3p,10.0,0.0,0.0,5.0,0.0,0.0,2.0,6.0,8.0,0.0,4.0,4.0,3.0,9.0,5.0,3.0,0.0,0.0,0.0,0.0,14.0,0.0,0.0,0.0,0.0,0.0,5.0,0.0,8.0,2.0,0.0,0.0,0.0,4.0,6.0,0.0,0.0,5.0,0.0
rno-miR-449a-3p,2.0,0.0,0.0,0.0,3.0,0.0,0.0,0.0,3.0,0.0,0.0,0.0,0.0,0.0,0.0,0.0,0.0,0.0,0.0,0.0,0.0,0.0,0.0,0.0,0.0,3.0,0.0,2.0,0.0,0.0,0.0,0.0,0.0,0.0,0.0,0.0,0.0,0.0,0.0
rno-miR-449a-5p,974.0,836.0,472.0,940.0,534.0,23.0,6.0,81.0,1453.0,412.0,211.0,237.0,230.0,155.0,138.0,241.0,357.0,530.0,340.0,103.0,600.0,38.0,7.0,0.0,478.0,150.0,1052.0,326.0,420.0,277.0,43.0,185.0,20.0,303.0,920.0,35.0,104.0,213.0,66.0
rno-miR-450a-5p,3.0,0.0,0.0,10.0,14.0,0.0,0.0,0.0,2.0,0.0,0.0,0.0,0.0,0.0,0.0,0.0,0.0,0.0,1.0,4.0,4.0,4.0,0.0,0.0,0.0,0.0,0.0,2.0,4.0,0.0,3.0,0.0,0.0,0.0,2.0,0.0,0.0,0.0,0.0
rno-miR-451-5p,10.0,0.0,2.0,67.0,168.0,0.0,26.0,11.0,14.0,0.0,0.0,8.0,0.0,25.0,5.0,12.0,2.0,4.0,40.0,16.0,112.0,49.0,2.0,0.0,12.0,2.0,8.0,28.0,50.0,14.0,2.0,25.0,0.0,7.0,54.0,0.0,8.0,31.0,10.0
rno-miR-463-3p,38.0,13.0,13.0,31.0,52.0,2.0,0.0,14.0,28.0,9.0,14.0,8.0,33.0,10.0,13.0,17.0,16.0,22.0,17.0,2.0,34.0,6.0,0.0,0.0,25.0,12.0,51.0,20.0,30.0,15.0,0.0,17.0,2.0,18.0,53.0,0.0,19.0,25.0,7.0
rno-miR-463-5p,94.0,84.0,54.0,167.0,107.0,4.0,3.0,12.0,235.0,66.0,27.0,41.0,57.0,17.0,5.0,27.0,45.0,57.0,70.0,18.0,164.0,18.0,0.0,4.0,106.0,26.0,187.0,54.0,75.0,67.0,11.0,18.0,5.0,34.0,142.0,0.0,0.0,31.0,0.0
rno-miR-465-3p,80.0,42.0,30.0,53.0,64.0,0.0,0.0,11.0,71.0,29.0,8.0,16.0,12.0,12.0,19.0,11.0,19.0,35.0,19.0,0.0,62.0,0.0,0.0,0.0,34.0,5.0,81.0,32.0,54.0,24.0,4.0,33.0,2.0,22.0,61.0,0.0,6.0,33.0,0.0
rno-miR-465-5p,15.0,6.0,0.0,16.0,3.0,2.0,0.0,5.0,6.0,0.0,4.0,0.0,9.0,0.0,2.0,2.0,10.0,6.0,13.0,2.0,9.0,4.0,0.0,0.0,5.0,6.0,7.0,4.0,7.0,4.0,0.0,4.0,4.0,4.0,13.0,2.0,0.0,0.0,0.0
rno-miR-466c-5p,13.0,4.0,0.0,10.0,5.0,0.0,0.0,0.0,11.0,5.0,0.0,0.0,3.0,0.0,0.0,0.0,0.0,5.0,7.0,3.0,6.0,0.0,0.0,0.0,11.0,0.0,10.0,0.0,3.0,0.0,0.0,0.0,0.0,0.0,8.0,0.0,0.0,4.0,0.0
rno-miR-471-3p,24.0,11.0,18.0,36.0,55.0,0.0,0.0,3.0,50.0,10.0,4.0,20.0,9.0,3.0,5.0,7.0,10.0,32.0,44.0,0.0,52.0,4.0,0.0,0.0,4.0,0.0,36.0,30.0,22.0,12.0,2.0,11.0,0.0,11.0,38.0,0.0,5.0,7.0,2.0
rno-miR-471-5p,15.0,2.0,5.0,18.0,22.0,0.0,0.0,0.0,14.0,8.0,0.0,4.0,8.0,2.0,0.0,3.0,5.0,5.0,2.0,0.0,8.0,0.0,0.0,0.0,12.0,0.0,17.0,9.0,0.0,0.0,0.0,0.0,0.0,0.0,12.0,0.0,0.0,11.0,0.0
rno-miR-483-3p,4.0,0.0,12.0,9.0,4.0,0.0,0.0,5.0,14.0,0.0,7.0,4.0,2.0,3.0,0.0,3.0,8.0,3.0,7.0,2.0,6.0,0.0,0.0,0.0,4.0,7.0,5.0,4.0,7.0,5.0,4.0,8.0,0.0,7.0,8.0,0.0,0.0,0.0,0.0
rno-miR-499-5p,4.0,0.0,5.0,4.0,7.0,0.0,0.0,0.0,3.0,0.0,0.0,0.0,2.0,0.0,0.0,3.0,0.0,4.0,0.0,0.0,9.0,0.0,0.0,0.0,2.0,0.0,3.0,0.0,0.0,0.0,0.0,0.0,0.0,0.0,7.0,0.0,0.0,0.0,0.0
rno-miR-500-3p,2.0,0.0,0.0,3.0,5.0,0.0,0.0,0.0,0.0,0.0,0.0,0.0,0.0,0.0,0.0,0.0,0.0,0.0,0.0,0.0,4.0,0.0,0.0,0.0,0.0,0.0,0.0,2.0,3.0,2.0,0.0,0.0,0.0,0.0,5.0,0.0,6.0,0.0,0.0
rno-miR-505-3p,17.0,7.0,7.0,24.0,17.0,2.0,0.0,2.0,26.0,3.0,13.0,2.0,7.0,0.0,0.0,0.0,9.0,4.0,11.0,5.0,12.0,0.0,0.0,0.0,12.0,8.0,12.0,12.0,18.0,0.0,0.0,4.0,0.0,4.0,9.0,0.0,3.0,0.0,6.0
rno-miR-505-5p,3.0,2.0,0.0,0.0,0.0,0.0,0.0,0.0,6.0,0.0,0.0,2.0,0.0,0.0,0.0,0.0,5.0,3.0,7.0,0.0,2.0,0.0,0.0,0.0,2.0,0.0,3.0,0.0,2.0,0.0,0.0,0.0,0.0,0.0,0.0,0.0,0.0,2.0,0.0
rno-miR-532-3p,6.0,0.0,0.0,10.0,0.0,6.0,0.0,0.0,5.0,0.0,11.0,5.0,0.0,0.0,0.0,0.0,6.0,2.0,0.0,0.0,0.0,0.0,0.0,0.0,2.0,2.0,3.0,0.0,4.0,5.0,3.0,0.0,2.0,2.0,3.0,0.0,6.0,2.0,0.0
rno-miR-652-3p,2.0,3.0,0.0,22.0,71.0,0.0,0.0,10.0,13.0,0.0,4.0,7.0,0.0,8.0,6.0,5.0,0.0,0.0,0.0,2.0,51.0,8.0,0.0,0.0,2.0,15.0,7.0,15.0,24.0,5.0,0.0,13.0,0.0,5.0,11.0,3.0,36.0,13.0,6.0
rno-miR-672-5p,22.0,9.0,12.0,53.0,33.0,0.0,2.0,30.0,49.0,14.0,23.0,32.0,27.0,21.0,26.0,36.0,25.0,21.0,109.0,34.0,197.0,77.0,16.0,2.0,15.0,34.0,39.0,11.0,79.0,51.0,15.0,37.0,6.0,26.0,131.0,14.0,19.0,79.0,0.0
rno-miR-676,4.0,0.0,2.0,4.0,0.0,2.0,0.0,0.0,0.0,0.0,0.0,2.0,4.0,2.0,0.0,0.0,0.0,4.0,0.0,0.0,0.0,0.0,0.0,0.0,0.0,0.0,0.0,0.0,0.0,0.0,0.0,0.0,0.0,2.0,0.0,0.0,0.0,0.0,0.0
rno-miR-702-3p,2.0,0.0,0.0,0.0,0.0,0.0,0.0,0.0,0.0,0.0,0.0,0.0,0.0,0.0,0.0,0.0,0.0,0.0,2.0,0.0,0.0,0.0,0.0,0.0,0.0,0.0,0.0,0.0,2.0,0.0,0.0,0.0,0.0,0.0,0.0,0.0,0.0,0.0,0.0
rno-miR-741-3p,800.0,390.0,288.0,881.0,386.0,21.0,21.0,65.0,1264.0,233.0,184.0,263.0,220.0,110.0,106.0,120.0,455.0,293.0,292.0,66.0,709.0,91.0,15.0,0.0,491.0,180.0,1268.0,320.0,557.0,354.0,33.0,147.0,12.0,326.0,448.0,23.0,39.0,95.0,27.0
rno-miR-742-3p,4.0,15.0,7.0,17.0,32.0,0.0,0.0,2.0,31.0,14.0,11.0,16.0,9.0,0.0,7.0,7.0,4.0,19.0,2.0,0.0,12.0,0.0,0.0,0.0,17.0,2.0,36.0,17.0,12.0,10.0,5.0,9.0,0.0,14.0,29.0,0.0,24.0,19.0,8.0
rno-miR-742-5p,19.0,10.0,10.0,27.0,29.0,0.0,0.0,6.0,47.0,29.0,7.0,13.0,6.0,9.0,0.0,7.0,4.0,9.0,4.0,0.0,11.0,0.0,0.0,0.0,7.0,6.0,22.0,14.0,4.0,2.0,0.0,9.0,0.0,14.0,29.0,0.0,0.0,5.0,0.0
rno-miR-743a-3p,199.0,90.0,91.0,207.0,179.0,17.0,6.0,45.0,256.0,95.0,169.0,105.0,85.0,54.0,53.0,70.0,98.0,124.0,96.0,33.0,295.0,33.0,5.0,0.0,217.0,95.0,227.0,175.0,148.0,100.0,4.0,97.0,8.0,109.0,338.0,10.0,164.0,126.0,24.0
rno-miR-743a-5p,73.0,5.0,23.0,29.0,4.0,0.0,0.0,0.0,44.0,21.0,20.0,14.0,25.0,3.0,0.0,6.0,22.0,13.0,13.0,6.0,22.0,0.0,0.0,0.0,43.0,6.0,42.0,6.0,13.0,7.0,2.0,0.0,0.0,12.0,20.0,0.0,0.0,0.0,0.0
rno-miR-743b-3p,60.0,60.0,27.0,99.0,57.0,0.0,2.0,10.0,95.0,24.0,19.0,32.0,23.0,8.0,29.0,13.0,43.0,70.0,47.0,16.0,125.0,12.0,0.0,0.0,72.0,5.0,149.0,48.0,63.0,46.0,8.0,21.0,0.0,22.0,89.0,0.0,4.0,20.0,0.0
rno-miR-743b-5p,90.0,40.0,52.0,112.0,48.0,3.0,0.0,7.0,106.0,60.0,23.0,40.0,40.0,9.0,2.0,6.0,46.0,35.0,31.0,7.0,28.0,8.0,0.0,0.0,65.0,18.0,72.0,40.0,43.0,54.0,13.0,11.0,3.0,31.0,95.0,2.0,10.0,25.0,5.0
rno-miR-7a-1-3p,3.0,0.0,0.0,10.0,6.0,0.0,0.0,0.0,0.0,0.0,0.0,0.0,2.0,0.0,0.0,0.0,0.0,2.0,2.0,0.0,5.0,0.0,0.0,0.0,0.0,2.0,2.0,0.0,0.0,0.0,0.0,0.0,0.0,2.0,3.0,0.0,0.0,0.0,0.0
rno-miR-7a-2-3p,2.0,7.0,6.0,4.0,2.0,0.0,0.0,0.0,11.0,2.0,0.0,2.0,2.0,0.0,0.0,0.0,13.0,0.0,2.0,0.0,6.0,4.0,0.0,0.0,2.0,4.0,9.0,0.0,3.0,3.0,0.0,0.0,0.0,0.0,0.0,0.0,0.0,0.0,0.0
rno-miR-7a-5p,1351.0,578.0,396.0,899.0,247.0,19.0,8.0,70.0,989.0,367.0,178.0,252.0,394.0,97.0,98.0,157.0,301.0,410.0,510.0,99.0,595.0,34.0,8.0,2.0,664.0,91.0,877.0,423.0,335.0,406.0,31.0,95.0,31.0,376.0,836.0,21.0,58.0,112.0,24.0
rno-miR-7b,32.0,12.0,4.0,29.0,0.0,0.0,0.0,0.0,16.0,6.0,8.0,3.0,10.0,0.0,4.0,3.0,5.0,9.0,6.0,4.0,8.0,0.0,0.0,0.0,9.0,2.0,17.0,7.0,11.0,2.0,0.0,5.0,0.0,11.0,20.0,0.0,0.0,2.0,2.0
rno-miR-871-3p,14.0,5.0,2.0,34.0,39.0,0.0,0.0,9.0,17.0,0.0,5.0,15.0,0.0,13.0,8.0,9.0,2.0,4.0,12.0,0.0,18.0,4.0,0.0,0.0,9.0,0.0,18.0,14.0,11.0,22.0,3.0,20.0,0.0,3.0,37.0,5.0,7.0,28.0,4.0
rno-miR-871-5p,35.0,4.0,8.0,24.0,14.0,0.0,3.0,10.0,17.0,20.0,7.0,13.0,16.0,13.0,9.0,7.0,8.0,13.0,33.0,2.0,47.0,9.0,0.0,0.0,5.0,7.0,20.0,22.0,14.0,14.0,0.0,19.0,0.0,15.0,19.0,4.0,5.0,19.0,0.0
rno-miR-878,40.0,37.0,18.0,63.0,75.0,2.0,0.0,13.0,95.0,21.0,9.0,14.0,16.0,18.0,6.0,20.0,23.0,15.0,17.0,4.0,66.0,0.0,0.0,0.0,19.0,3.0,73.0,29.0,38.0,22.0,0.0,28.0,2.0,39.0,102.0,2.0,24.0,50.0,12.0
rno-miR-880-3p,27.0,19.0,12.0,41.0,90.0,2.0,0.0,8.0,39.0,17.0,9.0,12.0,9.0,8.0,8.0,14.0,13.0,30.0,17.0,2.0,12.0,3.0,0.0,0.0,35.0,3.0,47.0,18.0,16.0,28.0,0.0,19.0,0.0,11.0,129.0,0.0,0.0,29.0,0.0
rno-miR-881-3p,15.0,7.0,4.0,30.0,2.0,0.0,0.0,2.0,33.0,10.0,2.0,8.0,0.0,2.0,2.0,2.0,9.0,4.0,6.0,2.0,29.0,0.0,0.0,0.0,9.0,6.0,21.0,11.0,12.0,0.0,0.0,10.0,0.0,10.0,13.0,0.0,0.0,7.0,0.0
rno-miR-883-3p,38.0,26.0,8.0,31.0,76.0,0.0,2.0,4.0,40.0,9.0,10.0,15.0,16.0,11.0,6.0,8.0,4.0,22.0,16.0,0.0,11.0,6.0,0.0,0.0,35.0,0.0,42.0,27.0,19.0,28.0,0.0,4.0,0.0,5.0,51.0,0.0,2.0,10.0,2.0
rno-miR-883-5p,5.0,3.0,0.0,2.0,3.0,0.0,0.0,2.0,2.0,0.0,2.0,4.0,2.0,0.0,0.0,0.0,2.0,5.0,2.0,0.0,7.0,0.0,0.0,0.0,3.0,0.0,10.0,0.0,0.0,2.0,0.0,0.0,0.0,0.0,7.0,0.0,2.0,6.0,0.0
rno-miR-92a-3p,26.0,18.0,8.0,40.0,23.0,0.0,2.0,4.0,25.0,10.0,12.0,12.0,7.0,11.0,8.0,6.0,23.0,5.0,24.0,10.0,43.0,3.0,0.0,0.0,30.0,6.0,38.0,16.0,43.0,13.0,3.0,9.0,0.0,15.0,23.0,0.0,0.0,11.0,0.0
rno-miR-93-5p,267.0,215.0,224.0,298.0,105.0,39.0,3.0,22.0,496.0,170.0,174.0,124.0,109.0,17.0,24.0,56.0,208.0,109.0,143.0,45.0,181.0,8.0,14.0,0.0,196.0,103.0,296.0,157.0,160.0,85.0,13.0,28.0,5.0,121.0,220.0,16.0,44.0,18.0,8.0
rno-miR-935,24.0,13.0,5.0,17.0,2.0,2.0,0.0,0.0,28.0,15.0,17.0,10.0,3.0,0.0,0.0,4.0,15.0,18.0,5.0,0.0,28.0,2.0,0.0,0.0,6.0,5.0,20.0,6.0,20.0,10.0,0.0,2.0,2.0,9.0,13.0,2.0,5.0,3.0,4.0
rno-miR-96-5p,3.0,0.0,0.0,4.0,2.0,0.0,4.0,2.0,0.0,0.0,0.0,0.0,0.0,0.0,0.0,0.0,0.0,0.0,0.0,0.0,0.0,2.0,0.0,0.0,0.0,3.0,0.0,0.0,0.0,2.0,0.0,0.0,0.0,0.0,0.0,0.0,0.0,2.0,0.0
rno-miR-98-5p,2.0,0.0,0.0,7.0,2.0,0.0,0.0,0.0,0.0,0.0,0.0,0.0,0.0,0.0,0.0,0.0,0.0,0.0,0.0,0.0,3.0,0.0,0.0,0.0,0.0,0.0,0.0,0.0,0.0,0.0,0.0,0.0,2.0,0.0,5.0,0.0,0.0,3.0,4.0
rno-miR-99a-5p,60.0,58.0,18.0,187.0,120.0,9.0,14.0,56.0,266.0,34.0,31.0,47.0,43.0,67.0,24.0,39.0,148.0,57.0,163.0,24.0,368.0,112.0,6.0,4.0,81.0,32.0,226.0,83.0,300.0,72.0,21.0,123.0,3.0,40.0,120.0,5.0,86.0,56.0,16.0
rno-miR-99b-5p,11.0,7.0,6.0,31.0,30.0,11.0,0.0,3.0,32.0,3.0,35.0,5.0,4.0,3.0,0.0,0.0,12.0,3.0,17.0,2.0,11.0,10.0,0.0,0.0,17.0,9.0,10.0,11.0,24.0,6.0,7.0,5.0,6.0,0.0,14.0,0.0,31.0,6.0,2.0
rno-miR-9a-3p,6.0,10.0,6.0,6.0,27.0,0.0,0.0,10.0,28.0,5.0,6.0,5.0,0.0,3.0,7.0,2.0,8.0,7.0,11.0,0.0,25.0,2.0,0.0,0.0,25.0,3.0,11.0,6.0,18.0,10.0,0.0,13.0,0.0,3.0,25.0,0.0,2.0,4.0,0.0
rno-miR-10b-3p,0.0,2.0,0.0,2.0,0.0,0.0,0.0,0.0,0.0,0.0,0.0,0.0,2.0,2.0,0.0,0.0,0.0,2.0,0.0,0.0,4.0,0.0,0.0,0.0,0.0,0.0,2.0,2.0,2.0,0.0,0.0,0.0,0.0,0.0,0.0,0.0,0.0,0.0,0.0
rno-miR-1247-3p,0.0,2.0,0.0,0.0,0.0,0.0,0.0,0.0,0.0,0.0,0.0,0.0,0.0,0.0,0.0,0.0,0.0,0.0,0.0,0.0,0.0,0.0,0.0,0.0,0.0,0.0,0.0,0.0,0.0,0.0,0.0,0.0,0.0,0.0,0.0,0.0,0.0,0.0,0.0
rno-miR-140-5p,0.0,2.0,0.0,17.0,6.0,0.0,0.0,0.0,12.0,2.0,3.0,0.0,0.0,0.0,0.0,0.0,0.0,2.0,3.0,0.0,4.0,3.0,0.0,0.0,2.0,0.0,5.0,0.0,3.0,2.0,0.0,0.0,0.0,2.0,5.0,0.0,2.0,0.0,0.0
rno-miR-142-3p,0.0,5.0,0.0,5.0,2.0,0.0,0.0,0.0,0.0,0.0,0.0,0.0,0.0,0.0,0.0,2.0,0.0,0.0,2.0,0.0,3.0,2.0,0.0,0.0,0.0,0.0,0.0,0.0,0.0,0.0,0.0,3.0,0.0,0.0,11.0,0.0,0.0,0.0,0.0
rno-miR-181c-5p,0.0,6.0,0.0,0.0,3.0,0.0,0.0,0.0,4.0,2.0,2.0,0.0,0.0,0.0,0.0,0.0,0.0,0.0,0.0,0.0,0.0,0.0,0.0,0.0,4.0,0.0,0.0,0.0,0.0,0.0,0.0,2.0,0.0,0.0,5.0,0.0,2.0,0.0,0.0
rno-miR-1839-3p,0.0,3.0,0.0,0.0,0.0,0.0,0.0,0.0,0.0,0.0,0.0,0.0,0.0,0.0,0.0,0.0,0.0,0.0,0.0,0.0,2.0,0.0,0.0,0.0,0.0,0.0,0.0,0.0,0.0,0.0,0.0,0.0,0.0,0.0,0.0,0.0,0.0,0.0,0.0
rno-miR-184,0.0,2.0,0.0,2.0,0.0,0.0,0.0,0.0,2.0,0.0,0.0,0.0,2.0,0.0,0.0,0.0,4.0,2.0,0.0,0.0,0.0,0.0,0.0,0.0,0.0,0.0,0.0,6.0,0.0,0.0,0.0,0.0,0.0,0.0,0.0,0.0,0.0,0.0,0.0
rno-miR-192-5p,0.0,2.0,0.0,2.0,0.0,0.0,0.0,0.0,6.0,0.0,0.0,0.0,0.0,0.0,0.0,0.0,0.0,0.0,0.0,0.0,5.0,0.0,0.0,0.0,6.0,0.0,5.0,0.0,0.0,0.0,0.0,2.0,0.0,6.0,2.0,0.0,0.0,0.0,0.0
rno-miR-196b-5p,0.0,2.0,0.0,0.0,0.0,0.0,0.0,0.0,0.0,0.0,0.0,0.0,0.0,0.0,0.0,0.0,0.0,2.0,6.0,0.0,0.0,0.0,0.0,0.0,2.0,0.0,2.0,0.0,6.0,2.0,0.0,3.0,0.0,0.0,2.0,0.0,0.0,0.0,0.0
rno-miR-19b-1-5p,0.0,2.0,0.0,0.0,0.0,0.0,0.0,0.0,2.0,0.0,0.0,0.0,0.0,0.0,0.0,0.0,0.0,0.0,3.0,0.0,0.0,0.0,0.0,0.0,0.0,0.0,0.0,0.0,0.0,0.0,0.0,0.0,0.0,0.0,0.0,0.0,0.0,0.0,0.0
rno-miR-200b-5p,0.0,3.0,2.0,2.0,0.0,0.0,0.0,0.0,5.0,0.0,0.0,0.0,0.0,0.0,2.0,0.0,0.0,0.0,6.0,0.0,3.0,0.0,0.0,0.0,0.0,0.0,3.0,0.0,6.0,0.0,3.0,0.0,0.0,2.0,6.0,0.0,3.0,3.0,0.0
rno-miR-204-3p,0.0,2.0,0.0,0.0,0.0,0.0,0.0,0.0,3.0,0.0,0.0,0.0,0.0,0.0,0.0,0.0,0.0,0.0,0.0,0.0,0.0,0.0,0.0,0.0,0.0,0.0,3.0,0.0,0.0,0.0,0.0,0.0,0.0,0.0,0.0,0.0,0.0,0.0,0.0
rno-miR-217-5p,0.0,6.0,2.0,0.0,0.0,0.0,0.0,0.0,2.0,0.0,0.0,0.0,0.0,2.0,0.0,0.0,0.0,0.0,0.0,0.0,2.0,0.0,0.0,0.0,0.0,0.0,11.0,0.0,2.0,0.0,0.0,0.0,0.0,0.0,7.0,0.0,0.0,0.0,0.0
rno-miR-218a-5p,0.0,7.0,0.0,2.0,3.0,0.0,0.0,0.0,4.0,0.0,3.0,0.0,0.0,2.0,0.0,0.0,0.0,0.0,2.0,2.0,5.0,0.0,0.0,0.0,0.0,3.0,5.0,6.0,7.0,5.0,0.0,2.0,0.0,7.0,4.0,3.0,2.0,4.0,3.0
rno-miR-222-3p,0.0,6.0,6.0,19.0,19.0,0.0,3.0,3.0,3.0,0.0,0.0,0.0,0.0,0.0,0.0,0.0,0.0,3.0,10.0,2.0,13.0,2.0,0.0,0.0,0.0,0.0,0.0,4.0,3.0,0.0,6.0,0.0,0.0,2.0,8.0,0.0,6.0,2.0,0.0
rno-miR-29c-5p,0.0,3.0,0.0,0.0,3.0,0.0,0.0,0.0,0.0,0.0,0.0,0.0,0.0,0.0,0.0,0.0,0.0,0.0,0.0,0.0,2.0,0.0,0.0,0.0,0.0,0.0,2.0,0.0,3.0,0.0,2.0,0.0,0.0,2.0,0.0,0.0,2.0,0.0,0.0
rno-miR-301a-3p,0.0,2.0,2.0,9.0,8.0,0.0,0.0,0.0,7.0,0.0,0.0,0.0,0.0,0.0,0.0,0.0,0.0,2.0,6.0,0.0,4.0,2.0,0.0,0.0,3.0,0.0,8.0,4.0,3.0,4.0,0.0,3.0,0.0,0.0,6.0,0.0,0.0,0.0,0.0
rno-miR-30c-1-3p,0.0,3.0,0.0,0.0,2.0,0.0,0.0,0.0,0.0,0.0,0.0,0.0,0.0,0.0,0.0,0.0,0.0,0.0,2.0,0.0,0.0,3.0,0.0,0.0,0.0,0.0,0.0,0.0,2.0,0.0,0.0,0.0,0.0,0.0,0.0,0.0,0.0,0.0,0.0
rno-miR-31a-5p,0.0,2.0,2.0,12.0,2.0,0.0,2.0,0.0,7.0,4.0,0.0,0.0,2.0,3.0,2.0,6.0,5.0,3.0,7.0,2.0,12.0,3.0,0.0,0.0,6.0,0.0,11.0,3.0,10.0,4.0,9.0,3.0,0.0,0.0,21.0,0.0,6.0,4.0,0.0
rno-miR-340-3p,0.0,3.0,0.0,0.0,0.0,0.0,0.0,0.0,3.0,0.0,2.0,0.0,2.0,0.0,2.0,0.0,0.0,2.0,0.0,2.0,4.0,0.0,0.0,0.0,0.0,0.0,2.0,4.0,0.0,0.0,0.0,0.0,0.0,0.0,2.0,2.0,0.0,3.0,0.0
rno-miR-3585-5p,0.0,2.0,0.0,0.0,22.0,0.0,0.0,0.0,4.0,0.0,0.0,0.0,0.0,0.0,0.0,0.0,0.0,0.0,4.0,0.0,15.0,0.0,0.0,0.0,0.0,0.0,0.0,3.0,0.0,0.0,0.0,0.0,0.0,0.0,11.0,0.0,0.0,0.0,0.0
rno-miR-374-5p,0.0,2.0,2.0,2.0,9.0,0.0,0.0,0.0,12.0,0.0,0.0,0.0,0.0,0.0,0.0,0.0,0.0,3.0,0.0,0.0,4.0,0.0,0.0,0.0,0.0,0.0,4.0,2.0,2.0,2.0,0.0,0.0,0.0,0.0,0.0,0.0,0.0,2.0,0.0
rno-miR-378a-3p,0.0,3.0,2.0,10.0,7.0,0.0,2.0,0.0,7.0,15.0,0.0,2.0,0.0,3.0,0.0,0.0,6.0,0.0,10.0,0.0,19.0,5.0,0.0,0.0,0.0,0.0,9.0,8.0,53.0,0.0,0.0,2.0,0.0,0.0,7.0,0.0,9.0,4.0,0.0
rno-miR-421-3p,0.0,2.0,0.0,0.0,0.0,0.0,0.0,0.0,0.0,0.0,0.0,0.0,0.0,0.0,0.0,0.0,0.0,0.0,0.0,0.0,0.0,2.0,0.0,0.0,0.0,0.0,0.0,0.0,0.0,0.0,0.0,0.0,0.0,0.0,0.0,0.0,0.0,0.0,0.0
rno-miR-497-5p,0.0,7.0,2.0,16.0,12.0,0.0,0.0,2.0,12.0,0.0,7.0,0.0,6.0,6.0,0.0,0.0,2.0,0.0,4.0,0.0,3.0,0.0,0.0,0.0,0.0,0.0,0.0,4.0,12.0,0.0,0.0,5.0,0.0,0.0,2.0,0.0,8.0,4.0,0.0
rno-miR-503-5p,0.0,2.0,0.0,17.0,16.0,0.0,2.0,0.0,0.0,2.0,0.0,0.0,0.0,0.0,0.0,2.0,2.0,0.0,0.0,0.0,2.0,0.0,0.0,0.0,0.0,0.0,4.0,5.0,8.0,0.0,0.0,0.0,0.0,3.0,2.0,0.0,3.0,0.0,2.0
rno-miR-6215,0.0,6.0,7.0,5.0,0.0,0.0,0.0,0.0,4.0,0.0,5.0,2.0,0.0,0.0,3.0,4.0,2.0,2.0,4.0,2.0,0.0,0.0,0.0,0.0,0.0,0.0,3.0,5.0,8.0,2.0,0.0,2.0,0.0,0.0,9.0,0.0,0.0,0.0,0.0
rno-miR-872-5p,0.0,4.0,3.0,13.0,10.0,0.0,0.0,0.0,40.0,0.0,4.0,0.0,3.0,0.0,0.0,0.0,3.0,4.0,0.0,0.0,16.0,0.0,0.0,0.0,6.0,2.0,23.0,3.0,0.0,4.0,0.0,0.0,0.0,2.0,8.0,0.0,2.0,2.0,0.0
rno-miR-1249,0.0,0.0,2.0,4.0,0.0,0.0,0.0,0.0,0.0,2.0,0.0,0.0,0.0,2.0,0.0,0.0,0.0,2.0,6.0,0.0,0.0,0.0,0.0,0.0,0.0,0.0,0.0,2.0,2.0,0.0,0.0,0.0,0.0,0.0,2.0,0.0,2.0,0.0,0.0
rno-miR-127-3p,0.0,0.0,3.0,0.0,0.0,0.0,0.0,0.0,0.0,0.0,2.0,0.0,0.0,0.0,0.0,0.0,0.0,0.0,0.0,0.0,2.0,0.0,0.0,0.0,0.0,0.0,0.0,0.0,0.0,2.0,0.0,0.0,0.0,0.0,0.0,0.0,2.0,0.0,0.0
rno-miR-151-3p,0.0,0.0,4.0,8.0,0.0,0.0,0.0,0.0,4.0,0.0,0.0,0.0,0.0,0.0,0.0,0.0,6.0,0.0,4.0,0.0,4.0,0.0,0.0,0.0,0.0,0.0,2.0,4.0,5.0,0.0,0.0,2.0,0.0,0.0,2.0,0.0,0.0,4.0,4.0
rno-miR-20b-3p,0.0,0.0,2.0,0.0,0.0,0.0,0.0,0.0,0.0,0.0,0.0,0.0,0.0,0.0,0.0,0.0,0.0,0.0,0.0,0.0,0.0,0.0,0.0,0.0,0.0,0.0,0.0,0.0,0.0,0.0,0.0,0.0,0.0,0.0,0.0,0.0,0.0,0.0,0.0
rno-miR-25-5p,0.0,0.0,2.0,7.0,3.0,0.0,0.0,2.0,3.0,0.0,0.0,0.0,0.0,0.0,0.0,0.0,0.0,0.0,0.0,0.0,3.0,0.0,0.0,0.0,0.0,0.0,3.0,0.0,8.0,0.0,0.0,0.0,0.0,0.0,0.0,0.0,0.0,0.0,0.0
rno-miR-337-3p,0.0,0.0,2.0,0.0,2.0,0.0,0.0,0.0,0.0,0.0,0.0,0.0,0.0,0.0,0.0,0.0,0.0,0.0,0.0,0.0,0.0,0.0,0.0,0.0,0.0,0.0,2.0,0.0,0.0,0.0,0.0,0.0,0.0,0.0,0.0,0.0,0.0,0.0,0.0
rno-miR-339-5p,0.0,0.0,2.0,12.0,12.0,0.0,2.0,0.0,4.0,0.0,2.0,5.0,0.0,4.0,0.0,0.0,3.0,0.0,0.0,0.0,11.0,4.0,0.0,0.0,2.0,0.0,3.0,2.0,42.0,0.0,2.0,0.0,0.0,2.0,2.0,0.0,5.0,0.0,0.0
rno-miR-351-5p,0.0,0.0,2.0,29.0,11.0,0.0,0.0,0.0,7.0,0.0,2.0,0.0,0.0,0.0,0.0,0.0,0.0,0.0,0.0,2.0,0.0,4.0,0.0,0.0,6.0,0.0,0.0,10.0,8.0,0.0,3.0,3.0,0.0,0.0,0.0,0.0,0.0,8.0,0.0
rno-miR-3541,0.0,0.0,3.0,0.0,0.0,0.0,0.0,0.0,0.0,0.0,0.0,2.0,0.0,0.0,0.0,0.0,2.0,0.0,3.0,2.0,0.0,0.0,0.0,0.0,0.0,0.0,0.0,0.0,0.0,0.0,0.0,0.0,0.0,2.0,4.0,0.0,0.0,0.0,0.0
rno-miR-434-5p,0.0,0.0,2.0,0.0,0.0,0.0,0.0,0.0,0.0,0.0,0.0,0.0,0.0,0.0,0.0,0.0,0.0,0.0,0.0,0.0,0.0,0.0,0.0,0.0,0.0,0.0,0.0,0.0,0.0,0.0,0.0,0.0,0.0,0.0,0.0,0.0,0.0,0.0,0.0
rno-miR-582-3p,0.0,0.0,2.0,0.0,0.0,0.0,0.0,0.0,0.0,0.0,2.0,0.0,0.0,0.0,0.0,0.0,0.0,0.0,0.0,0.0,0.0,0.0,0.0,0.0,0.0,0.0,0.0,0.0,2.0,0.0,0.0,0.0,0.0,0.0,0.0,0.0,0.0,0.0,0.0
rno-let-7b-3p,0.0,0.0,0.0,2.0,0.0,0.0,0.0,0.0,0.0,0.0,0.0,0.0,0.0,0.0,0.0,0.0,0.0,0.0,0.0,0.0,0.0,0.0,0.0,0.0,0.0,0.0,0.0,0.0,2.0,0.0,0.0,0.0,0.0,0.0,2.0,0.0,0.0,0.0,0.0
rno-let-7c-1-3p,0.0,0.0,0.0,3.0,0.0,0.0,0.0,0.0,0.0,0.0,0.0,0.0,0.0,0.0,0.0,0.0,0.0,0.0,0.0,0.0,0.0,0.0,0.0,0.0,0.0,0.0,0.0,0.0,0.0,0.0,0.0,0.0,0.0,0.0,2.0,0.0,0.0,0.0,0.0
rno-miR-101a-3p,0.0,0.0,0.0,12.0,28.0,0.0,0.0,0.0,2.0,0.0,0.0,0.0,0.0,0.0,0.0,0.0,0.0,0.0,0.0,0.0,9.0,2.0,0.0,2.0,0.0,0.0,0.0,2.0,5.0,0.0,0.0,0.0,0.0,0.0,12.0,0.0,0.0,4.0,0.0
rno-miR-129-2-3p,0.0,0.0,0.0,4.0,5.0,0.0,0.0,0.0,0.0,0.0,0.0,0.0,0.0,0.0,0.0,0.0,0.0,0.0,0.0,0.0,0.0,0.0,0.0,0.0,0.0,0.0,0.0,0.0,0.0,0.0,0.0,0.0,0.0,0.0,0.0,0.0,2.0,0.0,0.0
rno-miR-139-5p,0.0,0.0,0.0,8.0,2.0,0.0,0.0,0.0,0.0,0.0,0.0,0.0,0.0,0.0,0.0,0.0,0.0,0.0,0.0,0.0,3.0,0.0,0.0,0.0,0.0,2.0,4.0,8.0,10.0,0.0,0.0,0.0,0.0,0.0,3.0,0.0,0.0,0.0,0.0
rno-miR-148b-3p,0.0,0.0,0.0,3.0,8.0,0.0,0.0,0.0,5.0,0.0,0.0,0.0,0.0,4.0,0.0,0.0,2.0,5.0,0.0,0.0,5.0,3.0,0.0,0.0,0.0,0.0,3.0,3.0,0.0,3.0,0.0,2.0,0.0,0.0,2.0,0.0,3.0,4.0,0.0
rno-miR-149-5p,0.0,0.0,0.0,3.0,0.0,0.0,0.0,0.0,2.0,4.0,0.0,0.0,0.0,3.0,0.0,0.0,2.0,0.0,0.0,0.0,4.0,3.0,0.0,0.0,2.0,0.0,2.0,0.0,0.0,0.0,0.0,0.0,0.0,0.0,8.0,0.0,0.0,0.0,2.0
rno-miR-155-5p,0.0,0.0,0.0,3.0,0.0,0.0,0.0,0.0,0.0,0.0,0.0,0.0,0.0,0.0,0.0,0.0,0.0,0.0,5.0,0.0,2.0,0.0,0.0,0.0,0.0,0.0,0.0,0.0,10.0,0.0,0.0,0.0,0.0,0.0,0.0,0.0,0.0,0.0,0.0
rno-miR-187-3p,0.0,0.0,0.0,21.0,2.0,0.0,0.0,0.0,2.0,0.0,0.0,0.0,0.0,0.0,0.0,0.0,0.0,0.0,4.0,0.0,0.0,4.0,0.0,0.0,0.0,0.0,4.0,7.0,2.0,2.0,0.0,0.0,0.0,0.0,0.0,0.0,2.0,2.0,4.0
rno-miR-193b-3p,0.0,0.0,0.0,8.0,2.0,2.0,0.0,0.0,0.0,0.0,2.0,2.0,0.0,2.0,0.0,0.0,0.0,0.0,2.0,0.0,3.0,0.0,0.0,0.0,0.0,2.0,0.0,0.0,2.0,0.0,0.0,2.0,0.0,0.0,0.0,0.0,8.0,3.0,0.0
rno-miR-199a-5p,0.0,0.0,0.0,2.0,2.0,0.0,0.0,0.0,0.0,0.0,2.0,0.0,0.0,0.0,0.0,0.0,0.0,5.0,0.0,0.0,2.0,0.0,0.0,0.0,0.0,2.0,0.0,0.0,12.0,0.0,0.0,0.0,0.0,0.0,0.0,0.0,9.0,2.0,0.0
rno-miR-200a-5p,0.0,0.0,0.0,8.0,0.0,0.0,0.0,0.0,0.0,0.0,0.0,0.0,0.0,0.0,0.0,0.0,0.0,0.0,0.0,0.0,4.0,0.0,0.0,0.0,0.0,0.0,0.0,0.0,0.0,0.0,0.0,0.0,0.0,0.0,0.0,0.0,0.0,0.0,0.0
rno-miR-201-3p,0.0,0.0,0.0,13.0,13.0,0.0,0.0,0.0,0.0,0.0,0.0,0.0,0.0,2.0,0.0,2.0,0.0,0.0,0.0,0.0,2.0,0.0,0.0,0.0,0.0,0.0,0.0,0.0,2.0,0.0,0.0,0.0,0.0,0.0,0.0,0.0,4.0,3.0,0.0
rno-miR-224-5p,0.0,0.0,0.0,3.0,3.0,0.0,0.0,0.0,2.0,0.0,0.0,0.0,0.0,0.0,0.0,0.0,0.0,0.0,0.0,0.0,0.0,0.0,0.0,0.0,0.0,0.0,0.0,0.0,7.0,0.0,0.0,0.0,0.0,0.0,0.0,0.0,0.0,0.0,0.0
rno-miR-24-2-5p,0.0,0.0,0.0,2.0,0.0,0.0,0.0,0.0,0.0,0.0,0.0,0.0,0.0,0.0,0.0,0.0,0.0,0.0,0.0,0.0,0.0,0.0,0.0,0.0,0.0,0.0,0.0,0.0,4.0,0.0,0.0,0.0,0.0,0.0,0.0,0.0,0.0,0.0,2.0
rno-miR-26b-3p,0.0,0.0,0.0,2.0,7.0,0.0,0.0,0.0,0.0,0.0,0.0,0.0,0.0,0.0,0.0,0.0,0.0,0.0,0.0,0.0,0.0,0.0,0.0,0.0,0.0,0.0,0.0,0.0,0.0,0.0,0.0,0.0,0.0,0.0,0.0,0.0,0.0,0.0,0.0
rno-miR-322-3p,0.0,0.0,0.0,13.0,16.0,0.0,0.0,2.0,4.0,0.0,0.0,0.0,0.0,0.0,0.0,0.0,0.0,0.0,2.0,0.0,6.0,0.0,0.0,0.0,0.0,0.0,0.0,0.0,10.0,2.0,0.0,0.0,0.0,0.0,4.0,0.0,2.0,2.0,0.0
rno-miR-322-5p,0.0,0.0,0.0,10.0,51.0,0.0,0.0,0.0,4.0,0.0,3.0,0.0,2.0,4.0,0.0,2.0,0.0,0.0,0.0,0.0,5.0,0.0,0.0,0.0,0.0,2.0,10.0,6.0,8.0,0.0,0.0,2.0,0.0,0.0,9.0,0.0,6.0,6.0,0.0
rno-miR-326-3p,0.0,0.0,0.0,3.0,3.0,0.0,0.0,2.0,0.0,0.0,0.0,0.0,0.0,0.0,0.0,0.0,2.0,0.0,2.0,10.0,0.0,0.0,0.0,0.0,0.0,2.0,3.0,2.0,9.0,2.0,0.0,0.0,0.0,0.0,9.0,0.0,0.0,0.0,0.0
rno-miR-328a-3p,0.0,0.0,0.0,6.0,9.0,0.0,0.0,0.0,10.0,0.0,2.0,0.0,5.0,0.0,0.0,2.0,0.0,2.0,0.0,2.0,12.0,0.0,0.0,0.0,2.0,4.0,10.0,11.0,12.0,4.0,0.0,3.0,0.0,0.0,4.0,3.0,0.0,0.0,2.0
rno-miR-344a-3p,0.0,0.0,0.0,7.0,4.0,0.0,4.0,2.0,19.0,0.0,0.0,0.0,0.0,2.0,0.0,2.0,4.0,0.0,0.0,0.0,0.0,0.0,0.0,0.0,2.0,0.0,7.0,0.0,3.0,0.0,0.0,0.0,0.0,0.0,0.0,0.0,2.0,4.0,0.0
rno-miR-351-3p,0.0,0.0,0.0,3.0,2.0,0.0,0.0,0.0,2.0,0.0,0.0,0.0,0.0,2.0,0.0,0.0,0.0,0.0,0.0,2.0,2.0,0.0,0.0,0.0,0.0,0.0,3.0,2.0,4.0,0.0,0.0,0.0,0.0,0.0,0.0,0.0,0.0,0.0,0.0
rno-miR-3585-3p,0.0,0.0,0.0,5.0,15.0,0.0,0.0,2.0,4.0,0.0,0.0,0.0,0.0,0.0,0.0,2.0,0.0,0.0,2.0,0.0,20.0,0.0,0.0,0.0,0.0,0.0,3.0,3.0,4.0,0.0,0.0,0.0,0.0,0.0,8.0,0.0,3.0,6.0,0.0
rno-miR-3587,0.0,0.0,0.0,3.0,3.0,0.0,2.0,0.0,2.0,0.0,0.0,0.0,0.0,3.0,3.0,2.0,0.0,0.0,0.0,0.0,0.0,0.0,0.0,0.0,0.0,0.0,0.0,2.0,0.0,3.0,0.0,2.0,0.0,0.0,0.0,2.0,0.0,0.0,0.0
rno-miR-411-5p,0.0,0.0,0.0,4.0,0.0,0.0,0.0,0.0,0.0,0.0,0.0,0.0,0.0,0.0,0.0,0.0,0.0,0.0,0.0,0.0,0.0,0.0,0.0,0.0,0.0,0.0,0.0,0.0,0.0,0.0,0.0,0.0,0.0,0.0,0.0,0.0,0.0,0.0,0.0
rno-miR-423-3p,0.0,0.0,0.0,11.0,17.0,0.0,4.0,4.0,7.0,0.0,6.0,0.0,0.0,2.0,0.0,0.0,0.0,2.0,5.0,0.0,6.0,0.0,0.0,0.0,8.0,0.0,6.0,6.0,16.0,0.0,0.0,8.0,0.0,2.0,3.0,0.0,21.0,2.0,0.0
rno-miR-449c-5p,0.0,0.0,0.0,2.0,5.0,0.0,0.0,0.0,0.0,0.0,0.0,0.0,0.0,0.0,0.0,0.0,0.0,0.0,0.0,0.0,0.0,0.0,0.0,0.0,0.0,0.0,4.0,0.0,0.0,0.0,0.0,0.0,0.0,0.0,0.0,0.0,0.0,2.0,0.0
rno-miR-450b-5p,0.0,0.0,0.0,7.0,8.0,0.0,0.0,0.0,2.0,0.0,0.0,0.0,0.0,0.0,0.0,0.0,0.0,0.0,4.0,0.0,0.0,0.0,0.0,0.0,0.0,0.0,0.0,4.0,0.0,0.0,0.0,0.0,0.0,0.0,0.0,0.0,0.0,0.0,0.0
rno-miR-455-3p,0.0,0.0,0.0,2.0,0.0,0.0,0.0,0.0,2.0,0.0,0.0,0.0,0.0,0.0,0.0,0.0,0.0,0.0,2.0,0.0,0.0,0.0,0.0,0.0,0.0,0.0,0.0,0.0,12.0,0.0,0.0,0.0,0.0,0.0,0.0,0.0,0.0,2.0,0.0
rno-miR-484,0.0,0.0,0.0,2.0,11.0,0.0,0.0,3.0,0.0,0.0,0.0,2.0,0.0,0.0,0.0,0.0,0.0,0.0,0.0,0.0,3.0,0.0,0.0,0.0,0.0,0.0,0.0,0.0,5.0,0.0,0.0,0.0,0.0,0.0,2.0,0.0,0.0,0.0,0.0
rno-miR-485-3p,0.0,0.0,0.0,2.0,0.0,0.0,0.0,0.0,0.0,0.0,0.0,0.0,0.0,0.0,0.0,0.0,0.0,0.0,0.0,0.0,0.0,0.0,0.0,0.0,0.0,0.0,0.0,0.0,0.0,0.0,0.0,0.0,0.0,0.0,0.0,0.0,0.0,0.0,0.0
rno-miR-501-3p,0.0,0.0,0.0,3.0,0.0,0.0,0.0,0.0,0.0,2.0,0.0,0.0,0.0,0.0,0.0,0.0,0.0,0.0,0.0,0.0,0.0,0.0,0.0,0.0,0.0,2.0,0.0,0.0,2.0,0.0,0.0,0.0,0.0,0.0,0.0,0.0,0.0,0.0,0.0
rno-miR-503-3p,0.0,0.0,0.0,4.0,4.0,0.0,0.0,0.0,2.0,0.0,0.0,0.0,0.0,2.0,0.0,0.0,0.0,0.0,3.0,0.0,4.0,0.0,0.0,0.0,0.0,0.0,0.0,0.0,3.0,0.0,0.0,0.0,0.0,0.0,3.0,0.0,2.0,0.0,4.0
rno-miR-509-3p,0.0,0.0,0.0,2.0,0.0,0.0,0.0,0.0,0.0,0.0,0.0,0.0,0.0,0.0,0.0,0.0,0.0,0.0,0.0,0.0,2.0,0.0,0.0,0.0,0.0,0.0,0.0,0.0,0.0,0.0,0.0,0.0,0.0,0.0,0.0,0.0,0.0,0.0,0.0
rno-miR-509-5p,0.0,0.0,0.0,3.0,24.0,0.0,0.0,0.0,0.0,0.0,0.0,2.0,0.0,0.0,0.0,2.0,0.0,0.0,10.0,0.0,10.0,0.0,0.0,0.0,0.0,0.0,2.0,3.0,5.0,0.0,0.0,4.0,0.0,0.0,3.0,0.0,0.0,8.0,0.0
rno-miR-511-3p,0.0,0.0,0.0,2.0,2.0,0.0,0.0,0.0,5.0,0.0,0.0,0.0,0.0,0.0,0.0,0.0,0.0,0.0,2.0,0.0,0.0,0.0,0.0,0.0,0.0,0.0,0.0,0.0,14.0,2.0,0.0,0.0,0.0,0.0,3.0,0.0,0.0,0.0,0.0
rno-miR-542-3p,0.0,0.0,0.0,4.0,0.0,0.0,0.0,0.0,0.0,0.0,0.0,0.0,0.0,0.0,0.0,2.0,0.0,0.0,0.0,0.0,0.0,0.0,0.0,0.0,0.0,0.0,3.0,0.0,0.0,0.0,0.0,0.0,0.0,0.0,0.0,0.0,0.0,0.0,0.0
rno-miR-542-5p,0.0,0.0,0.0,2.0,0.0,0.0,0.0,0.0,0.0,0.0,0.0,0.0,0.0,0.0,0.0,0.0,0.0,3.0,0.0,0.0,0.0,0.0,0.0,0.0,0.0,0.0,0.0,2.0,0.0,0.0,0.0,0.0,0.0,2.0,0.0,0.0,0.0,0.0,0.0
rno-miR-674-5p,0.0,0.0,0.0,3.0,3.0,0.0,0.0,0.0,5.0,0.0,0.0,0.0,0.0,0.0,0.0,0.0,2.0,2.0,7.0,0.0,0.0,0.0,0.0,0.0,0.0,0.0,2.0,0.0,5.0,2.0,0.0,0.0,0.0,0.0,0.0,0.0,0.0,0.0,0.0
rno-miR-760-3p,0.0,0.0,0.0,2.0,0.0,0.0,0.0,0.0,0.0,0.0,0.0,0.0,0.0,2.0,0.0,0.0,0.0,2.0,0.0,0.0,0.0,0.0,0.0,0.0,0.0,0.0,0.0,0.0,0.0,0.0,0.0,0.0,0.0,0.0,0.0,2.0,0.0,0.0,0.0
rno-miR-802-5p,0.0,0.0,0.0,2.0,0.0,0.0,0.0,0.0,0.0,0.0,0.0,0.0,0.0,0.0,0.0,0.0,0.0,0.0,0.0,0.0,0.0,0.0,0.0,0.0,0.0,0.0,0.0,0.0,0.0,0.0,0.0,0.0,0.0,0.0,0.0,0.0,0.0,0.0,0.0
rno-miR-92b-3p,0.0,0.0,0.0,2.0,0.0,0.0,0.0,0.0,0.0,0.0,0.0,0.0,0.0,0.0,0.0,0.0,0.0,0.0,0.0,0.0,0.0,0.0,0.0,0.0,0.0,0.0,2.0,0.0,2.0,0.0,2.0,0.0,0.0,2.0,0.0,0.0,0.0,0.0,0.0
rno-miR-93-3p,0.0,0.0,0.0,2.0,0.0,0.0,0.0,0.0,2.0,0.0,0.0,4.0,0.0,0.0,0.0,0.0,4.0,0.0,0.0,0.0,2.0,0.0,0.0,0.0,0.0,0.0,0.0,0.0,2.0,0.0,0.0,0.0,0.0,2.0,7.0,0.0,0.0,0.0,0.0
rno-miR-9a-5p,0.0,0.0,0.0,3.0,2.0,0.0,0.0,0.0,0.0,0.0,0.0,3.0,0.0,0.0,0.0,0.0,0.0,0.0,3.0,0.0,6.0,0.0,0.0,0.0,0.0,0.0,0.0,0.0,3.0,0.0,0.0,3.0,0.0,0.0,8.0,0.0,0.0,5.0,0.0
rno-miR-125b-2-3p,0.0,0.0,0.0,0.0,2.0,0.0,0.0,0.0,0.0,4.0,2.0,0.0,2.0,0.0,0.0,0.0,0.0,0.0,5.0,2.0,5.0,2.0,0.0,0.0,0.0,0.0,0.0,5.0,9.0,2.0,0.0,0.0,0.0,0.0,2.0,0.0,3.0,0.0,0.0
rno-miR-144-3p,0.0,0.0,0.0,0.0,2.0,0.0,0.0,0.0,0.0,0.0,0.0,0.0,0.0,0.0,0.0,0.0,0.0,0.0,0.0,0.0,0.0,0.0,0.0,0.0,0.0,0.0,0.0,0.0,0.0,0.0,0.0,0.0,0.0,0.0,0.0,0.0,0.0,0.0,0.0
rno-miR-154-5p,0.0,0.0,0.0,0.0,2.0,0.0,0.0,0.0,0.0,0.0,0.0,0.0,0.0,0.0,0.0,0.0,0.0,0.0,0.0,0.0,0.0,0.0,0.0,0.0,0.0,0.0,0.0,0.0,0.0,0.0,0.0,0.0,0.0,0.0,0.0,0.0,0.0,0.0,0.0
rno-miR-181a-1-3p,0.0,0.0,0.0,0.0,3.0,0.0,0.0,0.0,0.0,0.0,0.0,0.0,0.0,0.0,0.0,0.0,0.0,0.0,0.0,0.0,0.0,0.0,0.0,0.0,0.0,0.0,0.0,0.0,0.0,0.0,0.0,0.0,0.0,0.0,2.0,0.0,0.0,0.0,0.0
rno-miR-1843a-3p,0.0,0.0,0.0,0.0,3.0,0.0,0.0,0.0,0.0,0.0,0.0,0.0,0.0,0.0,0.0,0.0,0.0,0.0,0.0,0.0,0.0,0.0,0.0,0.0,0.0,0.0,0.0,0.0,0.0,4.0,0.0,0.0,0.0,0.0,0.0,0.0,0.0,0.0,0.0
rno-miR-190a-5p,0.0,0.0,0.0,0.0,7.0,0.0,0.0,0.0,0.0,0.0,0.0,0.0,0.0,0.0,0.0,0.0,0.0,0.0,2.0,0.0,0.0,0.0,0.0,0.0,7.0,0.0,0.0,0.0,0.0,0.0,0.0,0.0,0.0,0.0,4.0,0.0,0.0,0.0,0.0
rno-miR-202-3p,0.0,0.0,0.0,0.0,3.0,0.0,0.0,0.0,0.0,0.0,0.0,0.0,0.0,0.0,0.0,0.0,0.0,0.0,0.0,0.0,4.0,0.0,0.0,0.0,0.0,0.0,0.0,0.0,0.0,0.0,0.0,0.0,0.0,0.0,0.0,0.0,0.0,0.0,0.0
rno-miR-211-5p,0.0,0.0,0.0,0.0,2.0,0.0,0.0,0.0,0.0,0.0,0.0,0.0,0.0,0.0,0.0,0.0,0.0,0.0,0.0,0.0,2.0,0.0,0.0,0.0,0.0,0.0,0.0,0.0,0.0,1.0,0.0,0.0,0.0,0.0,0.0,0.0,0.0,0.0,0.0
rno-miR-221-5p,0.0,0.0,0.0,0.0,2.0,0.0,0.0,0.0,0.0,0.0,0.0,0.0,0.0,0.0,0.0,0.0,0.0,0.0,0.0,0.0,2.0,0.0,0.0,0.0,0.0,0.0,0.0,0.0,0.0,0.0,0.0,0.0,0.0,0.0,0.0,0.0,0.0,0.0,0.0
rno-miR-296-3p,0.0,0.0,0.0,0.0,8.0,0.0,0.0,0.0,0.0,0.0,0.0,0.0,0.0,0.0,0.0,0.0,0.0,0.0,0.0,0.0,0.0,0.0,0.0,0.0,0.0,0.0,0.0,0.0,0.0,0.0,0.0,0.0,0.0,0.0,0.0,2.0,0.0,0.0,0.0
rno-miR-3064-3p,0.0,0.0,0.0,0.0,2.0,0.0,0.0,0.0,0.0,0.0,0.0,0.0,0.0,0.0,0.0,0.0,0.0,0.0,0.0,0.0,0.0,0.0,0.0,0.0,0.0,0.0,0.0,0.0,0.0,0.0,0.0,0.0,0.0,0.0,0.0,0.0,0.0,0.0,0.0
rno-miR-3068-3p,0.0,0.0,0.0,0.0,2.0,0.0,0.0,2.0,0.0,0.0,0.0,0.0,0.0,0.0,0.0,0.0,3.0,0.0,0.0,0.0,0.0,2.0,0.0,0.0,2.0,0.0,0.0,0.0,0.0,0.0,0.0,0.0,0.0,0.0,4.0,0.0,0.0,5.0,0.0
rno-miR-331-3p,0.0,0.0,0.0,0.0,2.0,0.0,0.0,0.0,2.0,0.0,0.0,0.0,0.0,0.0,0.0,0.0,0.0,0.0,0.0,0.0,0.0,2.0,0.0,0.0,0.0,0.0,0.0,2.0,0.0,0.0,0.0,0.0,0.0,0.0,0.0,0.0,0.0,0.0,0.0
rno-miR-338-3p,0.0,0.0,0.0,0.0,2.0,0.0,0.0,0.0,0.0,0.0,2.0,0.0,0.0,0.0,0.0,0.0,0.0,0.0,0.0,0.0,0.0,0.0,0.0,0.0,0.0,0.0,0.0,0.0,0.0,0.0,0.0,0.0,0.0,0.0,0.0,0.0,0.0,0.0,0.0
rno-miR-34a-3p,0.0,0.0,0.0,0.0,2.0,0.0,0.0,0.0,0.0,0.0,0.0,0.0,0.0,0.0,0.0,0.0,0.0,0.0,0.0,0.0,0.0,0.0,0.0,0.0,0.0,0.0,0.0,0.0,0.0,0.0,0.0,0.0,0.0,0.0,0.0,0.0,0.0,0.0,0.0
rno-miR-376c-3p,0.0,0.0,0.0,0.0,4.0,0.0,0.0,0.0,0.0,0.0,0.0,0.0,0.0,0.0,0.0,0.0,0.0,0.0,0.0,0.0,0.0,0.0,0.0,0.0,0.0,0.0,2.0,0.0,2.0,0.0,0.0,0.0,0.0,0.0,0.0,0.0,0.0,0.0,0.0
rno-miR-409a-3p,0.0,0.0,0.0,0.0,2.0,0.0,0.0,0.0,0.0,0.0,0.0,0.0,0.0,0.0,0.0,0.0,0.0,0.0,0.0,0.0,0.0,0.0,0.0,0.0,0.0,0.0,0.0,0.0,0.0,0.0,0.0,0.0,0.0,2.0,0.0,0.0,0.0,0.0,0.0
rno-miR-411-3p,0.0,0.0,0.0,0.0,3.0,0.0,0.0,0.0,0.0,0.0,0.0,6.0,2.0,0.0,0.0,0.0,0.0,0.0,0.0,0.0,0.0,0.0,0.0,0.0,0.0,0.0,0.0,0.0,0.0,0.0,0.0,0.0,0.0,0.0,0.0,0.0,0.0,0.0,0.0
rno-miR-494-3p,0.0,0.0,0.0,0.0,2.0,0.0,0.0,0.0,2.0,0.0,0.0,0.0,0.0,0.0,0.0,0.0,0.0,0.0,0.0,0.0,0.0,0.0,0.0,0.0,0.0,0.0,0.0,0.0,0.0,0.0,0.0,3.0,0.0,0.0,2.0,0.0,0.0,3.0,0.0
rno-miR-547-3p,0.0,0.0,0.0,0.0,2.0,0.0,0.0,0.0,4.0,0.0,0.0,0.0,0.0,0.0,0.0,0.0,0.0,0.0,0.0,0.0,6.0,0.0,0.0,0.0,0.0,0.0,5.0,0.0,0.0,0.0,0.0,0.0,0.0,0.0,4.0,0.0,0.0,0.0,0.0
rno-miR-547-5p,0.0,0.0,0.0,0.0,2.0,0.0,0.0,0.0,0.0,0.0,0.0,0.0,0.0,0.0,0.0,0.0,0.0,0.0,0.0,0.0,0.0,0.0,0.0,0.0,0.0,0.0,0.0,0.0,0.0,0.0,0.0,0.0,0.0,0.0,0.0,0.0,0.0,0.0,0.0
rno-miR-664-3p,0.0,0.0,0.0,0.0,2.0,0.0,0.0,0.0,0.0,2.0,0.0,0.0,0.0,0.0,0.0,0.0,2.0,0.0,0.0,2.0,2.0,0.0,0.0,0.0,2.0,0.0,0.0,0.0,5.0,0.0,0.0,0.0,0.0,0.0,0.0,0.0,0.0,2.0,0.0
rno-miR-708-5p,0.0,0.0,0.0,0.0,3.0,0.0,0.0,0.0,0.0,0.0,0.0,0.0,0.0,0.0,0.0,2.0,0.0,0.0,0.0,0.0,5.0,0.0,0.0,0.0,0.0,0.0,0.0,2.0,2.0,0.0,0.0,0.0,0.0,0.0,0.0,0.0,0.0,0.0,0.0
rno-miR-879-5p,0.0,0.0,0.0,0.0,3.0,0.0,0.0,0.0,0.0,0.0,0.0,0.0,0.0,0.0,0.0,0.0,0.0,0.0,0.0,0.0,0.0,0.0,0.0,0.0,2.0,0.0,0.0,0.0,0.0,0.0,0.0,0.0,0.0,0.0,0.0,0.0,0.0,0.0,0.0
rno-miR-9b-5p,0.0,0.0,0.0,0.0,2.0,0.0,0.0,0.0,0.0,0.0,0.0,0.0,0.0,0.0,0.0,0.0,0.0,0.0,0.0,0.0,0.0,0.0,0.0,0.0,0.0,0.0,0.0,0.0,0.0,0.0,0.0,0.0,0.0,0.0,0.0,0.0,0.0,0.0,0.0
rno-miR-330-3p,0.0,0.0,0.0,0.0,0.0,2.0,0.0,0.0,0.0,0.0,0.0,0.0,0.0,0.0,0.0,0.0,0.0,0.0,0.0,0.0,0.0,0.0,0.0,0.0,0.0,0.0,0.0,0.0,0.0,0.0,0.0,0.0,0.0,0.0,0.0,0.0,0.0,0.0,0.0
rno-miR-181a-2-3p,0.0,0.0,0.0,0.0,0.0,0.0,3.0,0.0,0.0,0.0,0.0,0.0,0.0,0.0,0.0,0.0,0.0,0.0,0.0,0.0,0.0,0.0,0.0,0.0,0.0,0.0,0.0,0.0,0.0,0.0,0.0,0.0,0.0,0.0,0.0,0.0,0.0,0.0,0.0
rno-miR-1956-5p,0.0,0.0,0.0,0.0,0.0,0.0,5.0,0.0,0.0,0.0,0.0,0.0,0.0,0.0,0.0,0.0,0.0,0.0,0.0,0.0,0.0,0.0,0.0,0.0,0.0,0.0,0.0,0.0,0.0,0.0,0.0,0.0,0.0,0.0,0.0,0.0,0.0,0.0,0.0
rno-miR-122b,0.0,0.0,0.0,0.0,0.0,0.0,0.0,2.0,0.0,0.0,0.0,0.0,0.0,0.0,0.0,0.0,0.0,0.0,2.0,0.0,5.0,0.0,0.0,0.0,0.0,0.0,0.0,2.0,2.0,0.0,2.0,2.0,0.0,0.0,0.0,0.0,0.0,0.0,0.0
rno-miR-323-3p,0.0,0.0,0.0,0.0,0.0,0.0,0.0,2.0,0.0,2.0,0.0,0.0,0.0,0.0,0.0,0.0,3.0,0.0,4.0,0.0,0.0,0.0,0.0,0.0,0.0,0.0,5.0,0.0,2.0,0.0,0.0,0.0,0.0,0.0,0.0,0.0,0.0,0.0,0.0
rno-miR-369-3p,0.0,0.0,0.0,0.0,0.0,0.0,0.0,2.0,0.0,0.0,0.0,0.0,0.0,0.0,0.0,0.0,0.0,0.0,0.0,0.0,0.0,0.0,0.0,0.0,0.0,0.0,2.0,2.0,0.0,0.0,0.0,0.0,0.0,0.0,0.0,0.0,0.0,0.0,0.0
rno-miR-125a-3p,0.0,0.0,0.0,0.0,0.0,0.0,0.0,0.0,2.0,0.0,0.0,0.0,0.0,0.0,0.0,0.0,0.0,0.0,0.0,0.0,0.0,0.0,0.0,0.0,0.0,0.0,0.0,0.0,2.0,0.0,0.0,0.0,0.0,0.0,0.0,0.0,0.0,0.0,0.0
rno-miR-133a-3p,0.0,0.0,0.0,0.0,0.0,0.0,0.0,0.0,2.0,171.0,2.0,2.0,0.0,0.0,0.0,0.0,0.0,0.0,3.0,0.0,7.0,0.0,2.0,0.0,0.0,0.0,2.0,2.0,8.0,0.0,0.0,3.0,0.0,0.0,4.0,0.0,0.0,3.0,0.0
rno-miR-216b-5p,0.0,0.0,0.0,0.0,0.0,0.0,0.0,0.0,2.0,2.0,0.0,0.0,0.0,0.0,0.0,0.0,0.0,2.0,0.0,0.0,0.0,0.0,0.0,0.0,2.0,0.0,0.0,0.0,0.0,0.0,0.0,0.0,0.0,3.0,0.0,0.0,0.0,0.0,0.0
rno-miR-3065-5p,0.0,0.0,0.0,0.0,0.0,0.0,0.0,0.0,2.0,2.0,0.0,0.0,0.0,0.0,0.0,0.0,3.0,2.0,0.0,0.0,0.0,0.0,0.0,0.0,0.0,0.0,0.0,2.0,0.0,0.0,0.0,0.0,0.0,0.0,2.0,0.0,0.0,0.0,0.0
rno-miR-3559-3p,0.0,0.0,0.0,0.0,0.0,0.0,0.0,0.0,2.0,0.0,0.0,0.0,0.0,0.0,0.0,0.0,0.0,0.0,0.0,0.0,0.0,0.0,0.0,0.0,0.0,0.0,0.0,0.0,0.0,0.0,0.0,0.0,0.0,0.0,0.0,0.0,0.0,0.0,0.0
rno-miR-3580-5p,0.0,0.0,0.0,0.0,0.0,0.0,0.0,0.0,2.0,0.0,0.0,0.0,0.0,0.0,0.0,0.0,0.0,0.0,0.0,0.0,0.0,0.0,0.0,0.0,0.0,0.0,3.0,0.0,0.0,4.0,0.0,0.0,0.0,0.0,2.0,0.0,0.0,2.0,0.0
rno-miR-450b-3p,0.0,0.0,0.0,0.0,0.0,0.0,0.0,0.0,2.0,0.0,0.0,0.0,0.0,0.0,0.0,0.0,0.0,0.0,0.0,0.0,0.0,0.0,0.0,0.0,0.0,0.0,0.0,0.0,2.0,0.0,0.0,3.0,0.0,0.0,0.0,0.0,0.0,0.0,0.0
rno-miR-466b-5p,0.0,0.0,0.0,0.0,0.0,0.0,0.0,0.0,2.0,0.0,0.0,0.0,2.0,0.0,0.0,0.0,0.0,0.0,0.0,0.0,0.0,0.0,0.0,0.0,0.0,0.0,0.0,0.0,0.0,0.0,0.0,0.0,0.0,0.0,4.0,0.0,0.0,0.0,0.0
rno-miR-532-5p,0.0,0.0,0.0,0.0,0.0,0.0,0.0,0.0,2.0,2.0,0.0,2.0,5.0,0.0,0.0,0.0,0.0,2.0,0.0,0.0,0.0,0.0,0.0,0.0,0.0,0.0,3.0,2.0,0.0,0.0,0.0,0.0,0.0,0.0,0.0,0.0,0.0,0.0,0.0
rno-miR-872-3p,0.0,0.0,0.0,0.0,0.0,0.0,0.0,0.0,5.0,0.0,0.0,0.0,0.0,2.0,0.0,0.0,2.0,0.0,0.0,0.0,4.0,0.0,0.0,0.0,3.0,0.0,0.0,2.0,10.0,0.0,0.0,0.0,0.0,0.0,0.0,0.0,0.0,0.0,0.0
rno-miR-1-3p,0.0,0.0,0.0,0.0,0.0,0.0,0.0,0.0,0.0,28.0,0.0,0.0,0.0,0.0,0.0,0.0,0.0,0.0,0.0,0.0,0.0,0.0,0.0,0.0,0.0,0.0,0.0,0.0,0.0,0.0,0.0,0.0,0.0,0.0,0.0,0.0,0.0,0.0,0.0
rno-miR-1247-5p,0.0,0.0,0.0,0.0,0.0,0.0,0.0,0.0,0.0,4.0,2.0,0.0,0.0,0.0,0.0,0.0,3.0,0.0,0.0,0.0,6.0,0.0,0.0,0.0,0.0,0.0,0.0,0.0,2.0,0.0,0.0,0.0,0.0,0.0,0.0,0.0,5.0,0.0,0.0
rno-miR-133b-3p,0.0,0.0,0.0,0.0,0.0,0.0,0.0,0.0,0.0,10.0,0.0,0.0,0.0,0.0,0.0,0.0,0.0,0.0,0.0,0.0,0.0,0.0,0.0,0.0,0.0,0.0,0.0,0.0,0.0,0.0,0.0,0.0,0.0,0.0,0.0,0.0,0.0,0.0,0.0
rno-miR-181d-5p,0.0,0.0,0.0,0.0,0.0,0.0,0.0,0.0,0.0,3.0,0.0,0.0,0.0,0.0,0.0,0.0,0.0,0.0,0.0,0.0,0.0,0.0,0.0,0.0,0.0,0.0,0.0,0.0,0.0,0.0,0.0,0.0,0.0,0.0,0.0,0.0,0.0,0.0,0.0
rno-miR-183-3p,0.0,0.0,0.0,0.0,0.0,0.0,0.0,0.0,0.0,2.0,0.0,0.0,0.0,0.0,0.0,0.0,0.0,0.0,0.0,0.0,0.0,0.0,0.0,0.0,0.0,0.0,0.0,0.0,0.0,0.0,0.0,0.0,0.0,0.0,0.0,0.0,0.0,0.0,0.0
rno-miR-1b,0.0,0.0,0.0,0.0,0.0,0.0,0.0,0.0,0.0,52.0,0.0,0.0,0.0,0.0,0.0,0.0,0.0,0.0,2.0,0.0,4.0,0.0,0.0,0.0,0.0,0.0,0.0,0.0,5.0,0.0,0.0,5.0,0.0,0.0,0.0,0.0,0.0,0.0,0.0
rno-miR-206-3p,0.0,0.0,0.0,0.0,0.0,0.0,0.0,0.0,0.0,11.0,0.0,0.0,0.0,0.0,0.0,0.0,0.0,0.0,0.0,0.0,0.0,0.0,0.0,0.0,0.0,0.0,0.0,0.0,0.0,0.0,0.0,0.0,0.0,0.0,0.0,0.0,0.0,0.0,0.0
rno-miR-293-3p,0.0,0.0,0.0,0.0,0.0,0.0,0.0,0.0,0.0,2.0,0.0,0.0,0.0,0.0,0.0,0.0,0.0,0.0,0.0,0.0,0.0,0.0,0.0,0.0,0.0,0.0,0.0,0.0,0.0,0.0,0.0,0.0,0.0,0.0,0.0,0.0,0.0,0.0,0.0
rno-miR-337-5p,0.0,0.0,0.0,0.0,0.0,0.0,0.0,0.0,0.0,0.0,2.0,0.0,0.0,0.0,0.0,0.0,0.0,0.0,0.0,0.0,0.0,0.0,0.0,0.0,0.0,0.0,0.0,0.0,0.0,0.0,0.0,0.0,0.0,0.0,0.0,0.0,0.0,0.0,0.0
rno-miR-431,0.0,0.0,0.0,0.0,0.0,0.0,0.0,0.0,0.0,0.0,5.0,0.0,0.0,0.0,0.0,0.0,0.0,0.0,0.0,0.0,7.0,0.0,0.0,0.0,0.0,0.0,0.0,0.0,0.0,0.0,0.0,0.0,0.0,0.0,0.0,0.0,0.0,0.0,0.0
rno-miR-136-5p,0.0,0.0,0.0,0.0,0.0,0.0,0.0,0.0,0.0,0.0,0.0,2.0,0.0,0.0,0.0,0.0,0.0,0.0,0.0,0.0,0.0,0.0,0.0,0.0,0.0,0.0,0.0,0.0,0.0,0.0,0.0,0.0,0.0,0.0,0.0,0.0,0.0,0.0,0.0
rno-miR-3560,0.0,0.0,0.0,0.0,0.0,0.0,0.0,0.0,0.0,0.0,0.0,2.0,0.0,0.0,0.0,0.0,0.0,0.0,0.0,0.0,0.0,0.0,0.0,0.0,0.0,0.0,0.0,0.0,0.0,0.0,0.0,0.0,0.0,0.0,0.0,0.0,0.0,0.0,0.0
rno-miR-92b-5p,0.0,0.0,0.0,0.0,0.0,0.0,0.0,0.0,0.0,0.0,0.0,3.0,0.0,0.0,0.0,0.0,0.0,2.0,0.0,0.0,0.0,0.0,0.0,0.0,0.0,0.0,2.0,0.0,0.0,0.0,0.0,0.0,0.0,0.0,0.0,0.0,0.0,0.0,0.0
rno-miR-293-5p,0.0,0.0,0.0,0.0,0.0,0.0,0.0,0.0,0.0,0.0,0.0,0.0,2.0,0.0,0.0,0.0,0.0,0.0,0.0,0.0,0.0,0.0,0.0,0.0,0.0,0.0,0.0,0.0,0.0,0.0,0.0,0.0,0.0,0.0,0.0,0.0,0.0,0.0,0.0
rno-miR-3084a-3p,0.0,0.0,0.0,0.0,0.0,0.0,0.0,0.0,0.0,0.0,0.0,0.0,0.0,2.0,0.0,0.0,0.0,0.0,0.0,0.0,0.0,0.0,0.0,0.0,0.0,0.0,0.0,0.0,0.0,0.0,0.0,0.0,0.0,0.0,0.0,0.0,0.0,0.0,0.0
rno-miR-32-5p,0.0,0.0,0.0,0.0,0.0,0.0,0.0,0.0,0.0,0.0,0.0,0.0,0.0,2.0,0.0,0.0,0.0,0.0,0.0,0.0,0.0,0.0,0.0,0.0,0.0,0.0,0.0,0.0,0.0,0.0,0.0,0.0,0.0,0.0,2.0,0.0,2.0,3.0,0.0
rno-miR-100-3p,0.0,0.0,0.0,0.0,0.0,0.0,0.0,0.0,0.0,0.0,0.0,0.0,0.0,0.0,2.0,0.0,0.0,0.0,0.0,0.0,0.0,0.0,0.0,0.0,0.0,0.0,0.0,0.0,0.0,0.0,0.0,0.0,0.0,0.0,0.0,0.0,0.0,0.0,0.0
rno-miR-1843a-5p,0.0,0.0,0.0,0.0,0.0,0.0,0.0,0.0,0.0,0.0,0.0,0.0,0.0,0.0,2.0,0.0,0.0,0.0,0.0,0.0,1.0,0.0,0.0,0.0,0.0,0.0,0.0,0.0,0.0,0.0,0.0,0.0,0.0,0.0,0.0,0.0,0.0,0.0,0.0
rno-miR-23a-5p,0.0,0.0,0.0,0.0,0.0,0.0,0.0,0.0,0.0,0.0,0.0,0.0,0.0,0.0,2.0,0.0,0.0,0.0,0.0,0.0,2.0,0.0,0.0,0.0,0.0,0.0,0.0,0.0,6.0,0.0,0.0,0.0,0.0,0.0,0.0,0.0,0.0,0.0,0.0
rno-miR-219a-5p,0.0,0.0,0.0,0.0,0.0,0.0,0.0,0.0,0.0,0.0,0.0,0.0,0.0,0.0,0.0,2.0,0.0,0.0,0.0,0.0,0.0,0.0,0.0,0.0,0.0,0.0,0.0,0.0,0.0,0.0,0.0,0.0,0.0,0.0,3.0,0.0,0.0,0.0,2.0
rno-miR-26a-3p,0.0,0.0,0.0,0.0,0.0,0.0,0.0,0.0,0.0,0.0,0.0,0.0,0.0,0.0,0.0,2.0,0.0,0.0,0.0,0.0,0.0,0.0,0.0,0.0,0.0,0.0,0.0,0.0,0.0,0.0,0.0,0.0,0.0,0.0,0.0,0.0,0.0,0.0,0.0
rno-miR-3084a-5p,0.0,0.0,0.0,0.0,0.0,0.0,0.0,0.0,0.0,0.0,0.0,0.0,0.0,0.0,0.0,2.0,0.0,0.0,2.0,0.0,0.0,0.0,0.0,0.0,0.0,0.0,0.0,0.0,0.0,0.0,0.0,0.0,0.0,0.0,0.0,0.0,0.0,0.0,0.0
rno-miR-3084b-5p,0.0,0.0,0.0,0.0,0.0,0.0,0.0,0.0,0.0,0.0,0.0,0.0,0.0,0.0,0.0,0.0,0.0,0.0,0.0,0.0,0.0,0.0,0.0,0.0,0.0,0.0,0.0,0.0,0.0,0.0,0.0,0.0,0.0,0.0,0.0,0.0,0.0,0.0,0.0
rno-miR-412-5p,0.0,0.0,0.0,0.0,0.0,0.0,0.0,0.0,0.0,0.0,0.0,0.0,0.0,0.0,0.0,2.0,0.0,0.0,0.0,0.0,0.0,0.0,0.0,0.0,2.0,0.0,0.0,0.0,0.0,0.0,0.0,0.0,0.0,0.0,0.0,0.0,0.0,0.0,0.0
rno-miR-141-5p,0.0,0.0,0.0,0.0,0.0,0.0,0.0,0.0,0.0,0.0,0.0,0.0,0.0,0.0,0.0,0.0,2.0,0.0,2.0,0.0,0.0,0.0,0.0,0.0,0.0,0.0,0.0,0.0,0.0,2.0,0.0,0.0,0.0,2.0,2.0,0.0,0.0,2.0,0.0
rno-miR-29a-5p,0.0,0.0,0.0,0.0,0.0,0.0,0.0,0.0,0.0,0.0,0.0,0.0,0.0,0.0,0.0,0.0,5.0,0.0,0.0,0.0,0.0,0.0,0.0,0.0,0.0,0.0,0.0,0.0,0.0,0.0,0.0,0.0,0.0,0.0,2.0,0.0,2.0,0.0,0.0
rno-miR-363-3p,0.0,0.0,0.0,0.0,0.0,0.0,0.0,0.0,0.0,0.0,0.0,0.0,0.0,0.0,0.0,0.0,3.0,2.0,2.0,0.0,0.0,0.0,0.0,0.0,0.0,0.0,3.0,0.0,2.0,2.0,0.0,2.0,0.0,0.0,2.0,0.0,0.0,0.0,0.0
rno-miR-496-3p,0.0,0.0,0.0,0.0,0.0,0.0,0.0,0.0,0.0,0.0,0.0,0.0,0.0,0.0,0.0,0.0,2.0,0.0,0.0,0.0,0.0,0.0,0.0,0.0,0.0,0.0,0.0,0.0,0.0,0.0,0.0,0.0,0.0,2.0,0.0,0.0,0.0,0.0,0.0
rno-miR-99b-3p,0.0,0.0,0.0,0.0,0.0,0.0,0.0,0.0,0.0,0.0,0.0,0.0,0.0,0.0,0.0,0.0,2.0,0.0,0.0,0.0,0.0,0.0,0.0,0.0,0.0,2.0,0.0,0.0,3.0,0.0,0.0,0.0,0.0,0.0,0.0,0.0,0.0,0.0,0.0
rno-miR-135a-3p,0.0,0.0,0.0,0.0,0.0,0.0,0.0,0.0,0.0,0.0,0.0,0.0,0.0,0.0,0.0,0.0,0.0,2.0,0.0,0.0,0.0,0.0,0.0,0.0,0.0,0.0,0.0,0.0,0.0,0.0,0.0,0.0,0.0,0.0,0.0,0.0,0.0,0.0,0.0
rno-miR-20a-3p,0.0,0.0,0.0,0.0,0.0,0.0,0.0,0.0,0.0,0.0,0.0,0.0,0.0,0.0,0.0,0.0,0.0,2.0,0.0,0.0,2.0,0.0,0.0,0.0,0.0,0.0,0.0,0.0,0.0,0.0,0.0,0.0,0.0,0.0,0.0,0.0,0.0,0.0,0.0
rno-miR-3084a-1-5p,0.0,0.0,0.0,0.0,0.0,0.0,0.0,0.0,0.0,0.0,0.0,0.0,0.0,0.0,0.0,0.0,0.0,3.0,0.0,0.0,0.0,0.0,0.0,0.0,0.0,0.0,0.0,0.0,0.0,0.0,0.0,0.0,0.0,0.0,0.0,0.0,0.0,0.0,0.0
rno-miR-328a-5p,0.0,0.0,0.0,0.0,0.0,0.0,0.0,0.0,0.0,0.0,0.0,0.0,0.0,0.0,0.0,0.0,0.0,2.0,0.0,0.0,0.0,0.0,0.0,0.0,0.0,0.0,0.0,0.0,0.0,0.0,0.0,0.0,0.0,0.0,0.0,0.0,0.0,0.0,0.0
rno-miR-540-3p,0.0,0.0,0.0,0.0,0.0,0.0,0.0,0.0,0.0,0.0,0.0,0.0,0.0,0.0,0.0,0.0,0.0,2.0,0.0,0.0,0.0,0.0,0.0,0.0,0.0,0.0,0.0,0.0,0.0,0.0,0.0,0.0,0.0,0.0,0.0,0.0,0.0,0.0,0.0
rno-miR-881-5p,0.0,0.0,0.0,0.0,0.0,0.0,0.0,0.0,0.0,0.0,0.0,0.0,0.0,0.0,0.0,0.0,0.0,3.0,0.0,2.0,0.0,0.0,0.0,0.0,0.0,0.0,0.0,0.0,3.0,0.0,0.0,0.0,0.0,4.0,0.0,0.0,0.0,0.0,0.0
rno-miR-103-1-5p,0.0,0.0,0.0,0.0,0.0,0.0,0.0,0.0,0.0,0.0,0.0,0.0,0.0,0.0,0.0,0.0,0.0,0.0,2.0,0.0,0.0,0.0,0.0,0.0,0.0,0.0,0.0,0.0,0.0,0.0,0.0,0.0,0.0,0.0,0.0,0.0,0.0,0.0,0.0
rno-miR-1193-3p,0.0,0.0,0.0,0.0,0.0,0.0,0.0,0.0,0.0,0.0,0.0,0.0,0.0,0.0,0.0,0.0,0.0,0.0,2.0,0.0,0.0,0.0,0.0,0.0,0.0,0.0,0.0,0.0,0.0,0.0,0.0,0.0,0.0,0.0,0.0,0.0,0.0,0.0,0.0
rno-miR-193a-5p,0.0,0.0,0.0,0.0,0.0,0.0,0.0,0.0,0.0,0.0,0.0,0.0,0.0,0.0,0.0,0.0,0.0,0.0,2.0,0.0,0.0,0.0,0.0,0.0,0.0,0.0,2.0,0.0,6.0,0.0,0.0,0.0,0.0,0.0,0.0,0.0,0.0,0.0,0.0
rno-miR-23b-5p,0.0,0.0,0.0,0.0,0.0,0.0,0.0,0.0,0.0,0.0,0.0,0.0,0.0,0.0,0.0,0.0,0.0,0.0,3.0,0.0,0.0,0.0,0.0,0.0,0.0,0.0,0.0,0.0,0.0,0.0,0.0,0.0,0.0,0.0,0.0,0.0,0.0,0.0,0.0
rno-miR-382-5p,0.0,0.0,0.0,0.0,0.0,0.0,0.0,0.0,0.0,0.0,0.0,0.0,0.0,0.0,0.0,0.0,0.0,0.0,3.0,0.0,0.0,0.0,0.0,0.0,0.0,0.0,2.0,0.0,3.0,0.0,0.0,0.0,0.0,2.0,2.0,0.0,0.0,0.0,0.0
rno-miR-490-3p,0.0,0.0,0.0,0.0,0.0,0.0,0.0,0.0,0.0,0.0,0.0,0.0,0.0,0.0,0.0,0.0,0.0,0.0,4.0,0.0,0.0,0.0,0.0,0.0,0.0,0.0,2.0,0.0,4.0,0.0,0.0,0.0,0.0,0.0,0.0,0.0,0.0,0.0,0.0
rno-miR-674-3p,0.0,0.0,0.0,0.0,0.0,0.0,0.0,0.0,0.0,0.0,0.0,0.0,0.0,0.0,0.0,0.0,0.0,0.0,2.0,0.0,0.0,0.0,0.0,0.0,0.0,0.0,0.0,0.0,0.0,0.0,0.0,0.0,0.0,0.0,0.0,0.0,0.0,0.0,0.0
rno-miR-879-3p,0.0,0.0,0.0,0.0,0.0,0.0,0.0,0.0,0.0,0.0,0.0,0.0,0.0,0.0,0.0,0.0,0.0,0.0,4.0,0.0,0.0,0.0,0.0,0.0,0.0,0.0,0.0,0.0,0.0,0.0,0.0,0.0,0.0,0.0,0.0,0.0,0.0,0.0,0.0
rno-let-7f-1-3p,0.0,0.0,0.0,0.0,0.0,0.0,0.0,0.0,0.0,0.0,0.0,0.0,0.0,0.0,0.0,0.0,0.0,0.0,0.0,2.0,0.0,0.0,0.0,0.0,0.0,0.0,0.0,0.0,0.0,0.0,0.0,0.0,0.0,0.0,0.0,0.0,0.0,0.0,0.0
rno-miR-3547,0.0,0.0,0.0,0.0,0.0,0.0,0.0,0.0,0.0,0.0,0.0,0.0,0.0,0.0,0.0,0.0,0.0,0.0,0.0,2.0,0.0,0.0,0.0,0.0,0.0,0.0,0.0,0.0,0.0,0.0,0.0,0.0,0.0,0.0,0.0,0.0,0.0,0.0,0.0
rno-miR-10a-3p,0.0,0.0,0.0,0.0,0.0,0.0,0.0,0.0,0.0,0.0,0.0,0.0,0.0,0.0,0.0,0.0,0.0,0.0,0.0,0.0,2.0,0.0,0.0,0.0,0.0,0.0,0.0,0.0,0.0,0.0,0.0,2.0,0.0,3.0,4.0,0.0,0.0,0.0,0.0
rno-miR-134-5p,0.0,0.0,0.0,0.0,0.0,0.0,0.0,0.0,0.0,0.0,0.0,0.0,0.0,0.0,0.0,0.0,0.0,0.0,0.0,0.0,10.0,0.0,0.0,0.0,0.0,0.0,0.0,0.0,0.0,0.0,0.0,0.0,0.0,0.0,0.0,0.0,0.0,0.0,0.0
rno-miR-147,0.0,0.0,0.0,0.0,0.0,0.0,0.0,0.0,0.0,0.0,0.0,0.0,0.0,0.0,0.0,0.0,0.0,0.0,0.0,0.0,2.0,0.0,0.0,0.0,0.0,0.0,0.0,0.0,0.0,0.0,0.0,0.0,0.0,0.0,2.0,0.0,0.0,0.0,0.0
rno-miR-1843b-5p,0.0,0.0,0.0,0.0,0.0,0.0,0.0,0.0,0.0,0.0,0.0,0.0,0.0,0.0,0.0,0.0,0.0,0.0,0.0,0.0,1.0,0.0,0.0,0.0,0.0,0.0,0.0,0.0,0.0,0.0,0.0,0.0,0.0,0.0,0.0,0.0,0.0,0.0,0.0
rno-miR-3074,0.0,0.0,0.0,0.0,0.0,0.0,0.0,0.0,0.0,0.0,0.0,0.0,0.0,0.0,0.0,0.0,0.0,0.0,0.0,0.0,2.0,0.0,0.0,0.0,0.0,0.0,0.0,0.0,0.0,0.0,0.0,0.0,0.0,0.0,0.0,0.0,0.0,0.0,0.0
rno-miR-345-3p,0.0,0.0,0.0,0.0,0.0,0.0,0.0,0.0,0.0,0.0,0.0,0.0,0.0,0.0,0.0,0.0,0.0,0.0,0.0,0.0,2.0,0.0,0.0,0.0,0.0,0.0,0.0,0.0,0.0,0.0,0.0,0.0,0.0,0.0,0.0,0.0,0.0,0.0,0.0
rno-miR-3590-3p,0.0,0.0,0.0,0.0,0.0,0.0,0.0,0.0,0.0,0.0,0.0,0.0,0.0,0.0,0.0,0.0,0.0,0.0,0.0,0.0,2.0,0.0,0.0,0.0,0.0,0.0,0.0,0.0,0.0,0.0,0.0,0.0,0.0,0.0,0.0,0.0,0.0,0.0,0.0
rno-miR-671,0.0,0.0,0.0,0.0,0.0,0.0,0.0,0.0,0.0,0.0,0.0,0.0,0.0,0.0,0.0,0.0,0.0,0.0,0.0,0.0,2.0,0.0,0.0,0.0,0.0,0.0,0.0,0.0,0.0,0.0,0.0,0.0,0.0,0.0,0.0,0.0,0.0,0.0,0.0
rno-miR-138-2-3p,0.0,0.0,0.0,0.0,0.0,0.0,0.0,0.0,0.0,0.0,0.0,0.0,0.0,0.0,0.0,0.0,0.0,0.0,0.0,0.0,0.0,2.0,0.0,0.0,0.0,0.0,0.0,0.0,0.0,0.0,0.0,0.0,0.0,0.0,2.0,0.0,0.0,0.0,0.0
rno-miR-193b-5p,0.0,0.0,0.0,0.0,0.0,0.0,0.0,0.0,0.0,0.0,0.0,0.0,0.0,0.0,0.0,0.0,0.0,0.0,0.0,0.0,0.0,2.0,0.0,0.0,0.0,0.0,0.0,0.0,0.0,0.0,0.0,0.0,0.0,0.0,0.0,0.0,0.0,0.0,0.0
rno-miR-540-5p,0.0,0.0,0.0,0.0,0.0,0.0,0.0,0.0,0.0,0.0,0.0,0.0,0.0,0.0,0.0,0.0,0.0,0.0,0.0,0.0,0.0,2.0,0.0,0.0,0.0,0.0,0.0,0.0,0.0,0.0,0.0,0.0,0.0,0.0,0.0,0.0,0.0,0.0,0.0
rno-miR-181c-3p,0.0,0.0,0.0,0.0,0.0,0.0,0.0,0.0,0.0,0.0,0.0,0.0,0.0,0.0,0.0,0.0,0.0,0.0,0.0,0.0,0.0,0.0,0.0,0.0,2.0,0.0,0.0,2.0,0.0,0.0,0.0,0.0,0.0,0.0,0.0,0.0,0.0,0.0,0.0
rno-miR-1843b-3p,0.0,0.0,0.0,0.0,0.0,0.0,0.0,0.0,0.0,0.0,0.0,0.0,0.0,0.0,0.0,0.0,0.0,0.0,0.0,0.0,0.0,0.0,0.0,0.0,2.0,0.0,0.0,0.0,0.0,0.0,0.0,0.0,4.0,0.0,0.0,0.0,0.0,0.0,0.0
rno-miR-383-5p,0.0,0.0,0.0,0.0,0.0,0.0,0.0,0.0,0.0,0.0,0.0,0.0,0.0,0.0,0.0,0.0,0.0,0.0,0.0,0.0,0.0,0.0,0.0,0.0,2.0,0.0,0.0,0.0,2.0,0.0,0.0,0.0,0.0,0.0,0.0,0.0,0.0,0.0,0.0
rno-miR-495,0.0,0.0,0.0,0.0,0.0,0.0,0.0,0.0,0.0,0.0,0.0,0.0,0.0,0.0,0.0,0.0,0.0,0.0,0.0,0.0,0.0,0.0,0.0,0.0,2.0,0.0,0.0,0.0,0.0,0.0,0.0,0.0,0.0,0.0,0.0,0.0,0.0,0.0,0.0
rno-miR-582-5p,0.0,0.0,0.0,0.0,0.0,0.0,0.0,0.0,0.0,0.0,0.0,0.0,0.0,0.0,0.0,0.0,0.0,0.0,0.0,0.0,0.0,0.0,0.0,0.0,5.0,0.0,0.0,0.0,0.0,0.0,0.0,0.0,0.0,0.0,0.0,0.0,0.0,0.0,0.0
rno-miR-741-5p,0.0,0.0,0.0,0.0,0.0,0.0,0.0,0.0,0.0,0.0,0.0,0.0,0.0,0.0,0.0,0.0,0.0,0.0,0.0,0.0,0.0,0.0,0.0,0.0,2.0,0.0,0.0,2.0,0.0,0.0,0.0,0.0,0.0,0.0,0.0,0.0,0.0,0.0,0.0
rno-miR-92a-1-5p,0.0,0.0,0.0,0.0,0.0,0.0,0.0,0.0,0.0,0.0,0.0,0.0,0.0,0.0,0.0,0.0,0.0,0.0,0.0,0.0,0.0,0.0,0.0,0.0,0.0,2.0,0.0,0.0,0.0,0.0,0.0,0.0,0.0,0.0,0.0,0.0,0.0,0.0,0.0
rno-miR-339-3p,0.0,0.0,0.0,0.0,0.0,0.0,0.0,0.0,0.0,0.0,0.0,0.0,0.0,0.0,0.0,0.0,0.0,0.0,0.0,0.0,0.0,0.0,0.0,0.0,0.0,0.0,3.0,0.0,0.0,0.0,0.0,0.0,0.0,0.0,0.0,0.0,0.0,0.0,0.0
rno-miR-125b-1-3p,0.0,0.0,0.0,0.0,0.0,0.0,0.0,0.0,0.0,0.0,0.0,0.0,0.0,0.0,0.0,0.0,0.0,0.0,0.0,0.0,0.0,0.0,0.0,0.0,0.0,0.0,0.0,4.0,0.0,0.0,0.0,0.0,0.0,0.0,0.0,0.0,0.0,0.0,0.0
rno-miR-148a-5p,0.0,0.0,0.0,0.0,0.0,0.0,0.0,0.0,0.0,0.0,0.0,0.0,0.0,0.0,0.0,0.0,0.0,0.0,0.0,0.0,0.0,0.0,0.0,0.0,0.0,0.0,0.0,2.0,0.0,0.0,0.0,0.0,0.0,0.0,0.0,0.0,0.0,0.0,0.0
rno-miR-292-3p,0.0,0.0,0.0,0.0,0.0,0.0,0.0,0.0,0.0,0.0,0.0,0.0,0.0,0.0,0.0,0.0,0.0,0.0,0.0,0.0,0.0,0.0,0.0,0.0,0.0,0.0,0.0,2.0,0.0,0.0,0.0,0.0,0.0,0.0,0.0,0.0,0.0,0.0,0.0
rno-miR-29b-5p,0.0,0.0,0.0,0.0,0.0,0.0,0.0,0.0,0.0,0.0,0.0,0.0,0.0,0.0,0.0,0.0,0.0,0.0,0.0,0.0,0.0,0.0,0.0,0.0,0.0,0.0,0.0,2.0,0.0,0.0,0.0,2.0,0.0,0.0,0.0,5.0,0.0,3.0,0.0
rno-miR-330-5p,0.0,0.0,0.0,0.0,0.0,0.0,0.0,0.0,0.0,0.0,0.0,0.0,0.0,0.0,0.0,0.0,0.0,0.0,0.0,0.0,0.0,0.0,0.0,0.0,0.0,0.0,0.0,2.0,0.0,2.0,2.0,0.0,0.0,0.0,0.0,0.0,0.0,0.0,0.0
rno-miR-369-5p,0.0,0.0,0.0,0.0,0.0,0.0,0.0,0.0,0.0,0.0,0.0,0.0,0.0,0.0,0.0,0.0,0.0,0.0,0.0,0.0,0.0,0.0,0.0,0.0,0.0,0.0,0.0,3.0,0.0,0.0,0.0,0.0,0.0,0.0,3.0,0.0,0.0,0.0,0.0
rno-miR-539-5p,0.0,0.0,0.0,0.0,0.0,0.0,0.0,0.0,0.0,0.0,0.0,0.0,0.0,0.0,0.0,0.0,0.0,0.0,0.0,0.0,0.0,0.0,0.0,0.0,0.0,0.0,0.0,2.0,0.0,0.0,0.0,0.0,0.0,0.0,0.0,0.0,0.0,0.0,0.0
rno-miR-664-2-5p,0.0,0.0,0.0,0.0,0.0,0.0,0.0,0.0,0.0,0.0,0.0,0.0,0.0,0.0,0.0,0.0,0.0,0.0,0.0,0.0,0.0,0.0,0.0,0.0,0.0,0.0,0.0,2.0,0.0,0.0,0.0,0.0,0.0,0.0,0.0,0.0,0.0,0.0,0.0
rno-miR-329-3p,0.0,0.0,0.0,0.0,0.0,0.0,0.0,0.0,0.0,0.0,0.0,0.0,0.0,0.0,0.0,0.0,0.0,0.0,0.0,0.0,0.0,0.0,0.0,0.0,0.0,0.0,0.0,0.0,3.0,6.0,0.0,0.0,0.0,0.0,0.0,0.0,0.0,0.0,0.0
rno-miR-361-3p,0.0,0.0,0.0,0.0,0.0,0.0,0.0,0.0,0.0,0.0,0.0,0.0,0.0,0.0,0.0,0.0,0.0,0.0,0.0,0.0,0.0,0.0,0.0,0.0,0.0,0.0,0.0,0.0,2.0,0.0,0.0,0.0,0.0,0.0,0.0,0.0,0.0,0.0,0.0
rno-miR-362-3p,0.0,0.0,0.0,0.0,0.0,0.0,0.0,0.0,0.0,0.0,0.0,0.0,0.0,0.0,0.0,0.0,0.0,0.0,0.0,0.0,0.0,0.0,0.0,0.0,0.0,0.0,0.0,0.0,0.0,2.0,0.0,0.0,0.0,0.0,0.0,0.0,0.0,0.0,0.0
rno-miR-6216,0.0,0.0,0.0,0.0,0.0,0.0,0.0,0.0,0.0,0.0,0.0,0.0,0.0,0.0,0.0,0.0,0.0,0.0,0.0,0.0,0.0,0.0,0.0,0.0,0.0,0.0,0.0,0.0,0.0,3.0,0.0,0.0,0.0,0.0,0.0,0.0,0.0,0.0,0.0
rno-miR-320-5p,0.0,0.0,0.0,0.0,0.0,0.0,0.0,0.0,0.0,0.0,0.0,0.0,0.0,0.0,0.0,0.0,0.0,0.0,0.0,0.0,0.0,0.0,0.0,0.0,0.0,0.0,0.0,0.0,0.0,0.0,3.0,0.0,0.0,0.0,0.0,0.0,0.0,0.0,0.0
rno-miR-143-5p,0.0,0.0,0.0,0.0,0.0,0.0,0.0,0.0,0.0,0.0,0.0,0.0,0.0,0.0,0.0,0.0,0.0,0.0,0.0,0.0,0.0,0.0,0.0,0.0,0.0,0.0,0.0,0.0,0.0,0.0,0.0,5.0,0.0,0.0,0.0,0.0,0.0,0.0,0.0
rno-miR-342-5p,0.0,0.0,0.0,0.0,0.0,0.0,0.0,0.0,0.0,0.0,0.0,0.0,0.0,0.0,0.0,0.0,0.0,0.0,0.0,0.0,0.0,0.0,0.0,0.0,0.0,0.0,0.0,0.0,0.0,0.0,0.0,2.0,0.0,0.0,0.0,0.0,0.0,0.0,0.0
rno-miR-483-5p,0.0,0.0,0.0,0.0,0.0,0.0,0.0,0.0,0.0,0.0,0.0,0.0,0.0,0.0,0.0,0.0,0.0,0.0,0.0,0.0,0.0,0.0,0.0,0.0,0.0,0.0,0.0,0.0,0.0,0.0,0.0,2.0,0.0,0.0,0.0,0.0,0.0,0.0,0.0
rno-miR-3072,0.0,0.0,0.0,0.0,0.0,0.0,0.0,0.0,0.0,0.0,0.0,0.0,0.0,0.0,0.0,0.0,0.0,0.0,0.0,0.0,0.0,0.0,0.0,0.0,0.0,0.0,0.0,0.0,0.0,0.0,0.0,0.0,0.0,2.0,0.0,0.0,0.0,0.0,0.0
rno-miR-3583-3p,0.0,0.0,0.0,0.0,0.0,0.0,0.0,0.0,0.0,0.0,0.0,0.0,0.0,0.0,0.0,0.0,0.0,0.0,0.0,0.0,0.0,0.0,0.0,0.0,0.0,0.0,0.0,0.0,0.0,0.0,0.0,0.0,0.0,2.0,0.0,0.0,0.0,0.0,0.0
rno-miR-193a-3p,0.0,0.0,0.0,0.0,0.0,0.0,0.0,0.0,0.0,0.0,0.0,0.0,0.0,0.0,0.0,0.0,0.0,0.0,0.0,0.0,0.0,0.0,0.0,0.0,0.0,0.0,0.0,0.0,0.0,0.0,0.0,0.0,0.0,0.0,4.0,0.0,0.0,0.0,0.0
rno-miR-188-5p,0.0,0.0,0.0,0.0,0.0,0.0,0.0,0.0,0.0,0.0,0.0,0.0,0.0,0.0,0.0,0.0,0.0,0.0,0.0,0.0,0.0,0.0,0.0,0.0,0.0,0.0,0.0,0.0,0.0,0.0,0.0,0.0,0.0,0.0,0.0,0.0,2.0,0.0,0.0
rno-miR-196b-3p,0.0,0.0,0.0,0.0,0.0,0.0,0.0,0.0,0.0,0.0,0.0,0.0,0.0,0.0,0.0,0.0,0.0,0.0,0.0,0.0,0.0,0.0,0.0,0.0,0.0,0.0,0.0,0.0,0.0,0.0,0.0,0.0,0.0,0.0,0.0,0.0,3.0,0.0,0.0
rno-miR-346,0.0,0.0,0.0,0.0,0.0,0.0,0.0,0.0,0.0,0.0,0.0,0.0,0.0,0.0,0.0,0.0,0.0,0.0,0.0,0.0,0.0,0.0,0.0,0.0,0.0,0.0,0.0,0.0,0.0,0.0,0.0,0.0,0.0,0.0,0.0,0.0,0.0,0.0,2.0
